{"stats":{"minecraft:killed":{"minecraft:zombie":2},"minecraft:mined":{"minecraft:grass_block":1,"minecraft:spruce_log":12,"minecraft:spruce_leaves":5,"minecraft:ice":5,"minecraft:acacia_wood":13,"minecraft:acacia_sign":2,"minecraft:crafting_table":1},"minecraft:used":{"minecraft:stone_axe":16,"minecraft:emerald_ore":1,"minecraft:apple":7,"minecraft:stone_sword":13,"minecraft:acacia_sign":10,"minecraft:crafting_table":1,"minecraft:acacia_wood":13,"minecraft:stone_pickaxe":5},"minecraft:picked_up":{"minecraft:crafting_table":1,"minecraft:rotten_flesh":6,"minecraft:acacia_wood":13,"minecraft:acacia_sign":2,"minecraft:spruce_sapling":1,"minecraft:spruce_log":12,"minecraft:snowball":16,"minecraft:dirt":21,"minecraft:string":1},"minecraft:custom":{"minecraft:time_since_rest":37734,"minecraft:play_time":37734,"minecraft:sprint_one_cm":66813,"minecraft:damage_taken":451,"minecraft:walk_one_cm":78882,"minecraft:sneak_time":13,"minecraft:walk_under_water_one_cm":2746,"minecraft:mob_kills":3,"minecraft:jump":112,"minecraft:damage_dealt":497,"minecraft:leave_game":2,"minecraft:walk_on_water_one_cm":124,"minecraft:time_since_death":37734,"minecraft:total_world_time":37734,"minecraft:interact_with_crafting_table":1,"minecraft:fall_one_cm":687,"minecraft:fly_one_cm":13644},"minecraft:crafted":{"minecraft:acacia_planks":256,"minecraft:acacia_sign":9,"minecraft:crafting_table":2,"minecraft:spruce_planks":48,"minecraft:stick":40}},"DataVersion":3700}