{"stats":{"minecraft:killed":{"minecraft:pig":4,"minecraft:spider":1,"minecraft:sheep":9,"minecraft:skeleton":6,"minecraft:zombie":8,"minecraft:chicken":1,"minecraft:stray":1,"minecraft:cow":8},"minecraft:mined":{"minecraft:crafting_table":2,"minecraft:grass_block":18,"minecraft:dead_bush":1,"minecraft:copper_ore":34,"minecraft:cobblestone":5,"minecraft:spruce_leaves":46,"minecraft:sugar_cane":6,"minecraft:wall_torch":1,"minecraft:large_fern":7,"minecraft:sweet_berry_bush":28,"minecraft:iron_ore":28,"minecraft:acacia_wood":13,"minecraft:ice":5,"minecraft:spruce_log":84,"minecraft:andesite":22,"minecraft:pumpkin":2,"minecraft:coal_ore":89,"minecraft:gravel":10,"minecraft:dirt":27,"minecraft:acacia_sign":2,"minecraft:stone":467,"minecraft:fern":2},"minecraft:used":{"minecraft:emerald_ore":1,"minecraft:stone_sword":201,"minecraft:spruce_door":1,"minecraft:stone_shovel":41,"minecraft:stone_pickaxe":664,"minecraft:chest":4,"minecraft:wooden_pickaxe":10,"minecraft:torch":30,"minecraft:dirt":13,"minecraft:crafting_table":6,"minecraft:white_bed":1,"minecraft:apple":7,"minecraft:coal_ore":2,"minecraft:acacia_sign":10,"minecraft:spruce_sapling":4,"minecraft:stone_axe":112,"minecraft:cobblestone":56,"minecraft:sweet_berries":14,"minecraft:furnace":4,"minecraft:andesite":25,"minecraft:acacia_wood":13,"minecraft:cooked_beef":12},"minecraft:custom":{"minecraft:interact_with_furnace":19,"minecraft:mob_kills":39,"minecraft:interact_with_cartography_table":1,"minecraft:interact_with_crafting_table":24,"minecraft:bell_ring":1,"minecraft:interact_with_grindstone":1,"minecraft:leave_game":3,"minecraft:time_since_death":56034,"minecraft:sleep_in_bed":5,"minecraft:climb_one_cm":315,"minecraft:time_since_rest":56091,"minecraft:sprint_one_cm":309119,"minecraft:damage_taken":1850,"minecraft:walk_one_cm":411667,"minecraft:damage_dealt":5615,"minecraft:talked_to_villager":3,"minecraft:swim_one_cm":5053,"minecraft:fly_one_cm":58192,"minecraft:open_chest":23,"minecraft:crouch_one_cm":50,"minecraft:play_time":179340,"minecraft:deaths":2,"minecraft:sneak_time":28,"minecraft:walk_under_water_one_cm":13147,"minecraft:jump":678,"minecraft:walk_on_water_one_cm":9235,"minecraft:total_world_time":179340,"minecraft:fall_one_cm":5072},"minecraft:picked_up":{"minecraft:iron_chestplate":1,"minecraft:crafting_table":2,"minecraft:feather":2,"minecraft:cooked_beef":7,"minecraft:chicken":1,"minecraft:andesite":38,"minecraft:leather":3,"minecraft:acacia_wood":13,"minecraft:flint":2,"minecraft:dirt":139,"minecraft:string":2,"minecraft:raw_copper":194,"minecraft:bone":7,"minecraft:spruce_planks":8,"minecraft:iron_ingot":14,"minecraft:stone_pickaxe":2,"minecraft:beef":19,"minecraft:acacia_sign":2,"minecraft:iron_ore":4,"minecraft:sugar_cane":20,"minecraft:stick":25,"minecraft:raw_iron":33,"minecraft:pumpkin":2,"minecraft:sweet_berries":64,"minecraft:torch":15,"minecraft:gravel":9,"minecraft:porkchop":7,"minecraft:spruce_sapling":17,"minecraft:spruce_log":84,"minecraft:arrow":4,"minecraft:stone_sword":4,"minecraft:stone_shovel":1,"minecraft:rotten_flesh":16,"minecraft:stone_axe":3,"minecraft:gray_wool":1,"minecraft:black_wool":1,"minecraft:mutton":14,"minecraft:snowball":16,"minecraft:coal":152,"minecraft:white_wool":7,"minecraft:cobblestone":817},"minecraft:broken":{"minecraft:stone_pickaxe":5,"minecraft:stone_sword":1},"minecraft:killed_by":{"minecraft:zombie":1},"minecraft:crafted":{"minecraft:cooked_beef":13,"minecraft:stone_shovel":1,"minecraft:crafting_table":5,"minecraft:spruce_planks":264,"minecraft:iron_helmet":1,"minecraft:wooden_pickaxe":1,"minecraft:spruce_door":3,"minecraft:furnace":4,"minecraft:stone_axe":3,"minecraft:air":0,"minecraft:diamond_pickaxe":1,"minecraft:iron_boots":1,"minecraft:iron_chestplate":1,"minecraft:acacia_sign":9,"minecraft:stick":136,"minecraft:iron_ingot":19,"minecraft:iron_pickaxe":1,"minecraft:stone_pickaxe":6,"minecraft:stone_sword":4,"minecraft:chest":4,"minecraft:iron_leggings":1,"minecraft:white_bed":1,"minecraft:acacia_planks":256,"minecraft:torch":32}},"DataVersion":3700}