{"stats":{"minecraft:mined":{"minecraft:crafting_table":2,"minecraft:short_grass":2,"minecraft:oak_log":20,"minecraft:grass_block":7,"minecraft:coal_ore":23,"minecraft:dirt":4,"minecraft:copper_ore":2,"minecraft:tall_grass":2,"minecraft:stone":43,"minecraft:oak_leaves":2},"minecraft:custom":{"minecraft:time_since_rest":582,"minecraft:interact_with_furnace":12,"minecraft:sprint_one_cm":106110,"minecraft:damage_taken":570,"minecraft:walk_one_cm":59832,"minecraft:mob_kills":17,"minecraft:damage_dealt":2266,"minecraft:swim_one_cm":5367,"minecraft:interact_with_crafting_table":12,"minecraft:fly_one_cm":24299,"minecraft:open_chest":2,"minecraft:play_time":22794,"minecraft:walk_under_water_one_cm":1151,"minecraft:jump":176,"minecraft:leave_game":3,"minecraft:walk_on_water_one_cm":741,"minecraft:time_since_death":22794,"minecraft:sleep_in_bed":1,"minecraft:total_world_time":22794,"minecraft:fall_one_cm":4091},"minecraft:picked_up":{"minecraft:crafting_table":2,"minecraft:feather":2,"minecraft:chicken":1,"minecraft:leather":1,"minecraft:oak_log":19,"minecraft:string":3,"minecraft:spider_eye":2,"minecraft:dirt":29,"minecraft:raw_copper":8,"minecraft:bone":2,"minecraft:arrow":2,"minecraft:rotten_flesh":1,"minecraft:wheat_seeds":4,"minecraft:gray_wool":2,"minecraft:light_gray_wool":1,"minecraft:mutton":9,"minecraft:coal":23,"minecraft:white_wool":4,"minecraft:cobblestone":43},"minecraft:broken":{"minecraft:wooden_pickaxe":1},"minecraft:crafted":{"minecraft:oak_planks":60,"minecraft:crafting_table":1,"minecraft:stick":56,"minecraft:cooked_chicken":1,"minecraft:wooden_pickaxe":1,"minecraft:stone_pickaxe":2,"minecraft:stone_sword":1,"minecraft:chest":2,"minecraft:furnace":1,"minecraft:white_bed":1,"minecraft:copper_ingot":8,"minecraft:oak_wood":3,"minecraft:stone_axe":2,"minecraft:air":0,"minecraft:cooked_mutton":9},"minecraft:used":{"minecraft:cooked_mutton":6,"minecraft:stone_sword":56,"minecraft:stone_pickaxe":29,"minecraft:chest":2,"minecraft:wooden_pickaxe":49,"minecraft:cooked_chicken":1,"minecraft:rotten_flesh":1,"minecraft:stone_axe":11,"minecraft:crafting_table":3,"minecraft:furnace":1,"minecraft:white_bed":1},"minecraft:killed":{"minecraft:skeleton":2,"minecraft:horse":2,"minecraft:sheep":7,"minecraft:chicken":1,"minecraft:spider":4}},"DataVersion":3700}