{"stats":{"minecraft:killed":{"minecraft:pig":4,"minecraft:spider":1,"minecraft:sheep":9,"minecraft:skeleton":4,"minecraft:zombie":6,"minecraft:chicken":1,"minecraft:stray":1,"minecraft:cow":8},"minecraft:mined":{"minecraft:crafting_table":2,"minecraft:grass_block":17,"minecraft:copper_ore":34,"minecraft:cobblestone":5,"minecraft:spruce_leaves":38,"minecraft:sugar_cane":2,"minecraft:wall_torch":1,"minecraft:large_fern":4,"minecraft:sweet_berry_bush":4,"minecraft:iron_ore":28,"minecraft:acacia_wood":13,"minecraft:ice":5,"minecraft:spruce_log":84,"minecraft:andesite":22,"minecraft:coal_ore":89,"minecraft:gravel":10,"minecraft:dirt":27,"minecraft:acacia_sign":2,"minecraft:stone":467,"minecraft:fern":2},"minecraft:used":{"minecraft:emerald_ore":1,"minecraft:stone_sword":168,"minecraft:spruce_door":1,"minecraft:stone_shovel":6,"minecraft:stone_pickaxe":663,"minecraft:chest":4,"minecraft:wooden_pickaxe":10,"minecraft:torch":30,"minecraft:dirt":12,"minecraft:crafting_table":6,"minecraft:white_bed":1,"minecraft:apple":7,"minecraft:coal_ore":2,"minecraft:acacia_sign":10,"minecraft:spruce_sapling":4,"minecraft:stone_axe":112,"minecraft:cobblestone":56,"minecraft:furnace":4,"minecraft:andesite":25,"minecraft:acacia_wood":13,"minecraft:cooked_beef":12},"minecraft:custom":{"minecraft:interact_with_furnace":19,"minecraft:mob_kills":35,"minecraft:interact_with_crafting_table":22,"minecraft:leave_game":3,"minecraft:time_since_death":44034,"minecraft:sleep_in_bed":5,"minecraft:time_since_rest":44091,"minecraft:sprint_one_cm":262107,"minecraft:damage_taken":1726,"minecraft:walk_one_cm":361241,"minecraft:damage_dealt":4854,"minecraft:swim_one_cm":5053,"minecraft:fly_one_cm":55818,"minecraft:open_chest":17,"minecraft:crouch_one_cm":50,"minecraft:play_time":167340,"minecraft:deaths":2,"minecraft:sneak_time":28,"minecraft:walk_under_water_one_cm":12958,"minecraft:jump":616,"minecraft:walk_on_water_one_cm":6818,"minecraft:total_world_time":167340,"minecraft:fall_one_cm":3901},"minecraft:picked_up":{"minecraft:iron_chestplate":1,"minecraft:crafting_table":2,"minecraft:feather":2,"minecraft:cooked_beef":7,"minecraft:chicken":1,"minecraft:andesite":38,"minecraft:leather":3,"minecraft:acacia_wood":13,"minecraft:flint":2,"minecraft:dirt":138,"minecraft:string":2,"minecraft:raw_copper":194,"minecraft:bone":5,"minecraft:spruce_planks":8,"minecraft:iron_ingot":14,"minecraft:stone_pickaxe":2,"minecraft:beef":19,"minecraft:acacia_sign":2,"minecraft:iron_ore":4,"minecraft:sugar_cane":7,"minecraft:stick":22,"minecraft:raw_iron":33,"minecraft:sweet_berries":9,"minecraft:torch":15,"minecraft:gravel":9,"minecraft:porkchop":7,"minecraft:spruce_sapling":17,"minecraft:spruce_log":84,"minecraft:arrow":4,"minecraft:stone_sword":4,"minecraft:stone_shovel":1,"minecraft:rotten_flesh":13,"minecraft:stone_axe":3,"minecraft:gray_wool":1,"minecraft:black_wool":1,"minecraft:mutton":14,"minecraft:snowball":16,"minecraft:coal":152,"minecraft:white_wool":7,"minecraft:cobblestone":817},"minecraft:broken":{"minecraft:stone_pickaxe":5,"minecraft:stone_sword":1},"minecraft:killed_by":{"minecraft:zombie":1},"minecraft:crafted":{"minecraft:cooked_beef":13,"minecraft:stone_shovel":1,"minecraft:crafting_table":5,"minecraft:spruce_planks":264,"minecraft:iron_helmet":1,"minecraft:wooden_pickaxe":1,"minecraft:spruce_door":3,"minecraft:furnace":4,"minecraft:stone_axe":3,"minecraft:air":0,"minecraft:iron_boots":1,"minecraft:iron_chestplate":1,"minecraft:acacia_sign":9,"minecraft:stick":136,"minecraft:iron_ingot":19,"minecraft:iron_pickaxe":1,"minecraft:stone_pickaxe":6,"minecraft:stone_sword":4,"minecraft:chest":4,"minecraft:iron_leggings":1,"minecraft:white_bed":1,"minecraft:acacia_planks":256,"minecraft:torch":32}},"DataVersion":3700}