{"stats":{"minecraft:picked_up":{"minecraft:acacia_wood":13},"minecraft:crafted":{"minecraft:crafting_table":1,"minecraft:acacia_planks":256},"minecraft:used":{"minecraft:stone_pickaxe":5,"minecraft:emerald_ore":1,"minecraft:stone_axe":13,"minecraft:acacia_wood":13,"minecraft:crafting_table":1},"minecraft:custom":{"minecraft:jump":9,"minecraft:time_since_rest":5983,"minecraft:sprint_one_cm":7373,"minecraft:play_time":5983,"minecraft:walk_on_water_one_cm":124,"minecraft:time_since_death":5983,"minecraft:walk_one_cm":9351,"minecraft:sneak_time":13,"minecraft:total_world_time":5983,"minecraft:walk_under_water_one_cm":2746,"minecraft:interact_with_crafting_table":1,"minecraft:fly_one_cm":2868},"minecraft:mined":{"minecraft:ice":5,"minecraft:acacia_wood":13}},"DataVersion":3700}