{"stats":{"minecraft:killed":{"minecraft:skeleton":1,"minecraft:sheep":4,"minecraft:spider":1},"minecraft:broken":{"minecraft:wooden_pickaxe":1},"minecraft:used":{"minecraft:cooked_mutton":6,"minecraft:stone_sword":29,"minecraft:stone_shovel":13,"minecraft:stone_pickaxe":70,"minecraft:wooden_pickaxe":59,"minecraft:stone_axe":33,"minecraft:crafting_table":3,"minecraft:furnace":1},"minecraft:picked_up":{"minecraft:crafting_table":2,"minecraft:jungle_log":23,"minecraft:string":2,"minecraft:cornflower":1,"minecraft:spider_eye":1,"minecraft:dirt":48,"minecraft:arrow":1,"minecraft:bone":1,"minecraft:rotten_flesh":4,"minecraft:wheat_seeds":2,"minecraft:jungle_sapling":1,"minecraft:mutton":6,"minecraft:coal":46,"minecraft:white_wool":4,"minecraft:cobblestone":82},"minecraft:crafted":{"minecraft:stone_shovel":1,"minecraft:crafting_table":1,"minecraft:stick":40,"minecraft:wooden_pickaxe":1,"minecraft:stone_pickaxe":1,"minecraft:stone_sword":2,"minecraft:furnace":1,"minecraft:stone_axe":1,"minecraft:cooked_mutton":6,"minecraft:air":0,"minecraft:jungle_planks":28},"minecraft:custom":{"minecraft:time_since_rest":30290,"minecraft:interact_with_furnace":6,"minecraft:sprint_one_cm":103200,"minecraft:damage_taken":507,"minecraft:walk_one_cm":46509,"minecraft:mob_kills":6,"minecraft:damage_dealt":985,"minecraft:interact_with_crafting_table":6,"minecraft:fly_one_cm":17647,"minecraft:play_time":30290,"minecraft:jump":97,"minecraft:leave_game":11,"minecraft:time_since_death":30290,"minecraft:climb_one_cm":120,"minecraft:total_world_time":30290,"minecraft:fall_one_cm":5227},"minecraft:mined":{"minecraft:jungle_leaves":9,"minecraft:crafting_table":2,"minecraft:short_grass":2,"minecraft:grass_block":5,"minecraft:coal_ore":46,"minecraft:vine":4,"minecraft:jungle_log":23,"minecraft:dirt":8,"minecraft:tall_grass":3,"minecraft:stone":82,"minecraft:oak_leaves":2,"minecraft:fern":1}},"DataVersion":3700}