{"stats":{"minecraft:killed":{"minecraft:skeleton":1,"minecraft:sheep":5,"minecraft:zombie":4,"minecraft:spider":2},"minecraft:broken":{"minecraft:wooden_pickaxe":1},"minecraft:used":{"minecraft:cooked_mutton":6,"minecraft:stone_sword":51,"minecraft:stone_shovel":13,"minecraft:stone_pickaxe":108,"minecraft:chest":2,"minecraft:wooden_pickaxe":59,"minecraft:rotten_flesh":7,"minecraft:stone_axe":34,"minecraft:crafting_table":4,"minecraft:furnace":2,"minecraft:jungle_planks":49,"minecraft:spider_eye":1},"minecraft:picked_up":{"minecraft:crafting_table":3,"minecraft:jungle_log":23,"minecraft:string":3,"minecraft:spider_eye":2,"minecraft:cornflower":1,"minecraft:dirt":48,"minecraft:bone":1,"minecraft:arrow":1,"minecraft:rotten_flesh":7,"minecraft:wheat_seeds":2,"minecraft:jungle_sapling":1,"minecraft:mutton":7,"minecraft:coal":91,"minecraft:white_wool":5,"minecraft:cobblestone":119,"minecraft:furnace":1},"minecraft:crafted":{"minecraft:stone_shovel":1,"minecraft:crafting_table":1,"minecraft:stick":40,"minecraft:wooden_pickaxe":1,"minecraft:stone_pickaxe":1,"minecraft:stone_sword":2,"minecraft:chest":2,"minecraft:furnace":1,"minecraft:stone_axe":1,"minecraft:jungle_planks":92,"minecraft:air":0,"minecraft:cooked_mutton":6},"minecraft:custom":{"minecraft:time_since_rest":52939,"minecraft:interact_with_furnace":8,"minecraft:sprint_one_cm":127774,"minecraft:damage_taken":682,"minecraft:walk_one_cm":71505,"minecraft:mob_kills":12,"minecraft:damage_dealt":2024,"minecraft:interact_with_crafting_table":9,"minecraft:fly_one_cm":28281,"minecraft:open_chest":2,"minecraft:play_time":52939,"minecraft:sneak_time":17,"minecraft:jump":213,"minecraft:leave_game":12,"minecraft:time_since_death":52939,"minecraft:climb_one_cm":120,"minecraft:total_world_time":52939,"minecraft:fall_one_cm":7137},"minecraft:mined":{"minecraft:furnace":1,"minecraft:jungle_leaves":9,"minecraft:crafting_table":3,"minecraft:short_grass":2,"minecraft:grass_block":5,"minecraft:coal_ore":46,"minecraft:vine":4,"minecraft:jungle_log":23,"minecraft:dirt":8,"minecraft:tall_grass":3,"minecraft:stone":119,"minecraft:oak_leaves":2,"minecraft:fern":1}},"DataVersion":3700}