{"stats":{"minecraft:killed":{"minecraft:pig":4,"minecraft:sheep":7,"minecraft:skeleton":1,"minecraft:zombie":2,"minecraft:cow":5},"minecraft:mined":{"minecraft:crafting_table":2,"minecraft:grass_block":15,"minecraft:copper_ore":34,"minecraft:spruce_leaves":35,"minecraft:large_fern":4,"minecraft:iron_ore":15,"minecraft:acacia_wood":13,"minecraft:ice":5,"minecraft:spruce_log":46,"minecraft:andesite":13,"minecraft:coal_ore":75,"minecraft:gravel":4,"minecraft:dirt":24,"minecraft:acacia_sign":2,"minecraft:stone":407,"minecraft:fern":2},"minecraft:used":{"minecraft:emerald_ore":1,"minecraft:stone_sword":89,"minecraft:spruce_door":1,"minecraft:stone_shovel":1,"minecraft:stone_pickaxe":553,"minecraft:chest":4,"minecraft:wooden_pickaxe":10,"minecraft:torch":16,"minecraft:dirt":12,"minecraft:crafting_table":5,"minecraft:white_bed":1,"minecraft:apple":7,"minecraft:acacia_sign":10,"minecraft:spruce_sapling":4,"minecraft:stone_axe":73,"minecraft:cobblestone":15,"minecraft:furnace":2,"minecraft:andesite":4,"minecraft:acacia_wood":13,"minecraft:cooked_beef":4},"minecraft:custom":{"minecraft:interact_with_furnace":7,"minecraft:mob_kills":20,"minecraft:interact_with_crafting_table":13,"minecraft:leave_game":3,"minecraft:time_since_death":79195,"minecraft:sleep_in_bed":5,"minecraft:time_since_rest":33423,"minecraft:sprint_one_cm":117611,"minecraft:damage_taken":868,"minecraft:walk_one_cm":271341,"minecraft:damage_dealt":2339,"minecraft:swim_one_cm":5053,"minecraft:fly_one_cm":25175,"minecraft:open_chest":3,"minecraft:crouch_one_cm":50,"minecraft:play_time":119340,"minecraft:deaths":1,"minecraft:sneak_time":28,"minecraft:walk_under_water_one_cm":10687,"minecraft:jump":337,"minecraft:walk_on_water_one_cm":5276,"minecraft:total_world_time":119340,"minecraft:fall_one_cm":1440},"minecraft:picked_up":{"minecraft:crafting_table":2,"minecraft:andesite":13,"minecraft:leather":3,"minecraft:acacia_wood":13,"minecraft:flint":1,"minecraft:dirt":85,"minecraft:string":1,"minecraft:raw_copper":103,"minecraft:bone":2,"minecraft:beef":13,"minecraft:acacia_sign":2,"minecraft:iron_ore":2,"minecraft:raw_iron":15,"minecraft:torch":2,"minecraft:gravel":3,"minecraft:porkchop":7,"minecraft:spruce_sapling":7,"minecraft:spruce_log":46,"minecraft:rotten_flesh":6,"minecraft:mutton":11,"minecraft:snowball":16,"minecraft:coal":75,"minecraft:white_wool":7,"minecraft:cobblestone":409},"minecraft:broken":{"minecraft:stone_pickaxe":4},"minecraft:crafted":{"minecraft:cooked_beef":13,"minecraft:stone_shovel":1,"minecraft:crafting_table":4,"minecraft:spruce_planks":184,"minecraft:wooden_pickaxe":1,"minecraft:spruce_door":3,"minecraft:furnace":2,"minecraft:stone_axe":3,"minecraft:acacia_sign":9,"minecraft:stick":136,"minecraft:stone_pickaxe":6,"minecraft:stone_sword":4,"minecraft:chest":4,"minecraft:white_bed":1,"minecraft:acacia_planks":256,"minecraft:torch":32}},"DataVersion":3700}