{"stats":{"minecraft:crafted":{"minecraft:acacia_planks":256,"minecraft:acacia_sign":9,"minecraft:crafting_table":1,"minecraft:stick":40},"minecraft:picked_up":{"minecraft:crafting_table":1,"minecraft:acacia_wood":13,"minecraft:acacia_sign":1,"minecraft:string":1},"minecraft:used":{"minecraft:stone_axe":15,"minecraft:emerald_ore":1,"minecraft:apple":3,"minecraft:stone_sword":3,"minecraft:acacia_sign":8,"minecraft:crafting_table":1,"minecraft:stone_pickaxe":5,"minecraft:acacia_wood":13},"minecraft:custom":{"minecraft:time_since_rest":17983,"minecraft:play_time":17983,"minecraft:sprint_one_cm":13295,"minecraft:damage_taken":199,"minecraft:walk_one_cm":22417,"minecraft:sneak_time":13,"minecraft:walk_under_water_one_cm":2746,"minecraft:mob_kills":1,"minecraft:jump":13,"minecraft:damage_dealt":98,"minecraft:time_since_death":17983,"minecraft:walk_on_water_one_cm":124,"minecraft:total_world_time":17983,"minecraft:interact_with_crafting_table":1,"minecraft:fly_one_cm":4926},"minecraft:mined":{"minecraft:acacia_wood":13,"minecraft:ice":5,"minecraft:acacia_sign":1,"minecraft:crafting_table":1}},"DataVersion":3700}