{"stats":{"minecraft:used":{"minecraft:crafting_table":1},"minecraft:crafted":{"minecraft:crafting_table":1},"minecraft:custom":{"minecraft:open_chest":1,"minecraft:time_since_rest":5667,"minecraft:leave_game":1,"minecraft:sprint_one_cm":36569,"minecraft:play_time":5667,"minecraft:time_since_death":5667,"minecraft:walk_one_cm":39407,"minecraft:total_world_time":5667,"minecraft:interact_with_crafting_table":1},"minecraft:mined":{"minecraft:spruce_planks":6},"minecraft:picked_up":{"minecraft:spruce_planks":4}},"DataVersion":3700}