{"stats":{"minecraft:custom":{"minecraft:time_since_rest":5319,"minecraft:play_time":5319,"minecraft:leave_game":3,"minecraft:sprint_one_cm":13326,"minecraft:time_since_death":5319,"minecraft:walk_one_cm":3224,"minecraft:total_world_time":5319,"minecraft:interact_with_crafting_table":1},"minecraft:crafted":{"minecraft:crafting_table":1,"minecraft:stick":8,"minecraft:wooden_pickaxe":1,"minecraft:jungle_planks":28},"minecraft:mined":{"minecraft:jungle_log":7,"minecraft:crafting_table":1},"minecraft:used":{"minecraft:crafting_table":1},"minecraft:picked_up":{"minecraft:crafting_table":1,"minecraft:jungle_log":7}},"DataVersion":3700}