{"stats":{"minecraft:mined":{"minecraft:crafting_table":2,"minecraft:granite":1,"minecraft:short_grass":19,"minecraft:grass_block":7,"minecraft:copper_ore":22,"minecraft:tall_grass":6,"minecraft:furnace":1,"minecraft:coal_ore":128,"minecraft:oak_log":29,"minecraft:dirt":5,"minecraft:stone":116,"minecraft:oak_leaves":5},"minecraft:broken":{"minecraft:stone_pickaxe":1,"minecraft:wooden_pickaxe":1},"minecraft:custom":{"minecraft:interact_with_furnace":38,"minecraft:mob_kills":38,"minecraft:interact_with_cartography_table":1,"minecraft:interact_with_crafting_table":17,"minecraft:leave_game":11,"minecraft:time_since_death":98251,"minecraft:sleep_in_bed":2,"minecraft:time_since_rest":35102,"minecraft:sprint_one_cm":297280,"minecraft:damage_taken":1476,"minecraft:walk_one_cm":196390,"minecraft:damage_dealt":4790,"minecraft:swim_one_cm":5367,"minecraft:talked_to_villager":4,"minecraft:fly_one_cm":249144,"minecraft:open_chest":13,"minecraft:play_time":98251,"minecraft:walk_under_water_one_cm":1151,"minecraft:jump":572,"minecraft:walk_on_water_one_cm":1009,"minecraft:total_world_time":98251,"minecraft:fall_one_cm":18328},"minecraft:crafted":{"minecraft:cooked_beef":7,"minecraft:oak_planks":112,"minecraft:cooked_porkchop":15,"minecraft:crafting_table":1,"minecraft:wooden_pickaxe":1,"minecraft:cooked_chicken":1,"minecraft:furnace":3,"minecraft:copper_ingot":85,"minecraft:oak_wood":3,"minecraft:stone_axe":2,"minecraft:cooked_mutton":12,"minecraft:air":0,"minecraft:stick":56,"minecraft:stone_pickaxe":2,"minecraft:stone_sword":1,"minecraft:chest":2,"minecraft:white_bed":1,"minecraft:torch":40},"minecraft:killed":{"minecraft:pig":7,"minecraft:spider":5,"minecraft:sheep":11,"minecraft:horse":2,"minecraft:skeleton":3,"minecraft:zombie":4,"minecraft:chicken":1,"minecraft:cow":4},"minecraft:picked_up":{"minecraft:crafting_table":2,"minecraft:feather":2,"minecraft:chicken":1,"minecraft:leather":3,"minecraft:oak_log":29,"minecraft:dirt":33,"minecraft:string":3,"minecraft:raw_copper":85,"minecraft:bone":5,"minecraft:wheat_seeds":6,"minecraft:beef":7,"minecraft:light_gray_wool":2,"minecraft:furnace":1,"minecraft:porkchop":15,"minecraft:spider_eye":2,"minecraft:arrow":4,"minecraft:rotten_flesh":3,"minecraft:granite":1,"minecraft:gray_wool":2,"minecraft:mutton":14,"minecraft:coal":127,"minecraft:white_wool":7,"minecraft:cobblestone":114},"minecraft:used":{"minecraft:cooked_mutton":12,"minecraft:emerald_ore":4,"minecraft:stone_sword":134,"minecraft:stone_pickaxe":231,"minecraft:chest":2,"minecraft:wooden_pickaxe":49,"minecraft:cooked_chicken":1,"minecraft:rotten_flesh":1,"minecraft:torch":16,"minecraft:crafting_table":3,"minecraft:white_bed":1,"minecraft:stone_axe":22,"minecraft:furnace":4,"minecraft:cooked_porkchop":1,"minecraft:cooked_beef":7}},"DataVersion":3700}