{"stats":{"minecraft:picked_up":{"minecraft:crafting_table":1,"minecraft:oak_log":4,"minecraft:string":1,"minecraft:spider_eye":1,"minecraft:dirt":10,"minecraft:cobblestone":39},"minecraft:crafted":{"minecraft:stone_sword":1,"minecraft:oak_planks":12,"minecraft:oak_wood":3,"minecraft:crafting_table":1,"minecraft:stone_pickaxe":2,"minecraft:stick":8,"minecraft:wooden_pickaxe":1},"minecraft:broken":{"minecraft:wooden_pickaxe":1},"minecraft:mined":{"minecraft:grass_block":6,"minecraft:oak_log":4,"minecraft:dirt":4,"minecraft:stone":39,"minecraft:oak_leaves":1,"minecraft:crafting_table":1},"minecraft:used":{"minecraft:crafting_table":2,"minecraft:wooden_pickaxe":49},"minecraft:killed":{"minecraft:spider":1},"minecraft:custom":{"minecraft:time_since_rest":6744,"minecraft:sprint_one_cm":11661,"minecraft:play_time":6744,"minecraft:damage_taken":150,"minecraft:walk_one_cm":13047,"minecraft:walk_under_water_one_cm":1151,"minecraft:mob_kills":1,"minecraft:jump":19,"minecraft:damage_dealt":130,"minecraft:time_since_death":6744,"minecraft:leave_game":2,"minecraft:walk_on_water_one_cm":741,"minecraft:total_world_time":6744,"minecraft:fall_one_cm":569,"minecraft:swim_one_cm":5367,"minecraft:interact_with_crafting_table":5,"minecraft:fly_one_cm":1176}},"DataVersion":3700}