{"stats":{"minecraft:custom":{"minecraft:open_chest":2,"minecraft:time_since_rest":88388,"minecraft:damage_taken":745,"minecraft:walk_one_cm":87239,"minecraft:crouch_one_cm":3,"minecraft:sprint_one_cm":90090,"minecraft:play_time":95099,"minecraft:damage_absorbed":370,"minecraft:deaths":1,"minecraft:sneak_time":43,"minecraft:mob_kills":17,"minecraft:jump":386,"minecraft:damage_dealt":3300,"minecraft:leave_game":5,"minecraft:walk_on_water_one_cm":626,"minecraft:time_since_death":88368,"minecraft:total_world_time":95099,"minecraft:damage_resisted":127,"minecraft:fall_one_cm":10273,"minecraft:fly_one_cm":118783},"minecraft:picked_up":{"minecraft:stick":1,"minecraft:bone":1,"minecraft:arrow":1,"minecraft:rotten_flesh":10,"minecraft:apple":1,"minecraft:mossy_cobblestone":2,"minecraft:string":2,"minecraft:dirt":16,"minecraft:cobblestone":1},"minecraft:killed":{"minecraft:zombie":14,"minecraft:spider":1,"minecraft:skeleton":2},"minecraft:mined":{"minecraft:short_grass":6,"minecraft:grass_block":3,"minecraft:mossy_cobblestone":2,"minecraft:stone":1,"minecraft:spawner":1},"minecraft:killed_by":{"minecraft:zombie":1},"minecraft:used":{"minecraft:emerald_ore":2,"minecraft:mossy_cobblestone":2,"minecraft:iron_ore":8,"minecraft:coal_ore":20,"minecraft:cobblestone":1,"minecraft:diamond_pickaxe":7,"minecraft:apple":1,"minecraft:gold_ore":8,"minecraft:netherite_sword":63,"minecraft:enchanted_golden_apple":6}},"DataVersion":3700}