{"stats":{"minecraft:picked_up":{"minecraft:stick":1,"minecraft:apple":1,"minecraft:dirt":13},"minecraft:mined":{"minecraft:short_grass":1},"minecraft:killed_by":{"minecraft:zombie":1},"minecraft:custom":{"minecraft:time_since_rest":42368,"minecraft:crouch_one_cm":3,"minecraft:sprint_one_cm":63132,"minecraft:play_time":49079,"minecraft:deaths":1,"minecraft:damage_taken":367,"minecraft:walk_one_cm":30850,"minecraft:sneak_time":43,"minecraft:jump":157,"minecraft:leave_game":3,"minecraft:time_since_death":42348,"minecraft:walk_on_water_one_cm":626,"minecraft:total_world_time":49079,"minecraft:fall_one_cm":4371,"minecraft:fly_one_cm":105088},"minecraft:used":{"minecraft:gold_ore":8,"minecraft:emerald_ore":2,"minecraft:iron_ore":8,"minecraft:coal_ore":18,"minecraft:enchanted_golden_apple":3}},"DataVersion":3700}