{"stats":{"minecraft:killed":{"minecraft:pig":4,"minecraft:spider":1,"minecraft:skeleton":7,"minecraft:sheep":9,"minecraft:zombie":11,"minecraft:chicken":1,"minecraft:stray":1,"minecraft:cow":8},"minecraft:mined":{"minecraft:spruce_planks":3,"minecraft:crafting_table":2,"minecraft:short_grass":1,"minecraft:grass_block":53,"minecraft:dead_bush":1,"minecraft:copper_ore":34,"minecraft:cobblestone":28,"minecraft:spruce_leaves":55,"minecraft:sugar_cane":6,"minecraft:spruce_sign":3,"minecraft:wall_torch":1,"minecraft:large_fern":7,"minecraft:ice":5,"minecraft:iron_ore":28,"minecraft:sweet_berry_bush":28,"minecraft:snow":4,"minecraft:acacia_wood":13,"minecraft:spruce_log":84,"minecraft:andesite":22,"minecraft:pumpkin":12,"minecraft:coal_ore":91,"minecraft:gravel":18,"minecraft:dirt":148,"minecraft:acacia_sign":2,"minecraft:stone":604,"minecraft:fern":2},"minecraft:used":{"minecraft:emerald_ore":1,"minecraft:stone_sword":221,"minecraft:spruce_door":1,"minecraft:stone_shovel":180,"minecraft:stone_pickaxe":829,"minecraft:spruce_planks":46,"minecraft:chest":4,"minecraft:wooden_pickaxe":10,"minecraft:spruce_sign":8,"minecraft:torch":46,"minecraft:dirt":67,"minecraft:crafting_table":6,"minecraft:white_bed":1,"minecraft:apple":8,"minecraft:coal_ore":2,"minecraft:acacia_sign":10,"minecraft:bread":1,"minecraft:spruce_sapling":4,"minecraft:stone_axe":138,"minecraft:cobblestone":149,"minecraft:sweet_berries":89,"minecraft:furnace":4,"minecraft:andesite":25,"minecraft:acacia_wood":13,"minecraft:cooked_beef":13},"minecraft:custom":{"minecraft:interact_with_furnace":31,"minecraft:mob_kills":43,"minecraft:interact_with_cartography_table":1,"minecraft:interact_with_crafting_table":31,"minecraft:bell_ring":1,"minecraft:interact_with_grindstone":1,"minecraft:leave_game":7,"minecraft:time_since_death":139743,"minecraft:sleep_in_bed":5,"minecraft:climb_one_cm":315,"minecraft:time_since_rest":139800,"minecraft:sprint_one_cm":422821,"minecraft:damage_taken":2059,"minecraft:walk_one_cm":601921,"minecraft:damage_dealt":6396,"minecraft:swim_one_cm":5053,"minecraft:talked_to_villager":6,"minecraft:fly_one_cm":97302,"minecraft:open_chest":42,"minecraft:crouch_one_cm":50,"minecraft:play_time":263049,"minecraft:deaths":2,"minecraft:sneak_time":103,"minecraft:walk_under_water_one_cm":23692,"minecraft:jump":943,"minecraft:walk_on_water_one_cm":32152,"minecraft:total_world_time":263049,"minecraft:fall_one_cm":11615},"minecraft:picked_up":{"minecraft:iron_chestplate":1,"minecraft:crafting_table":2,"minecraft:feather":2,"minecraft:cooked_beef":7,"minecraft:chicken":1,"minecraft:andesite":38,"minecraft:leather":3,"minecraft:acacia_wood":13,"minecraft:flint":4,"minecraft:string":2,"minecraft:dirt":310,"minecraft:raw_copper":194,"minecraft:bone":7,"minecraft:wheat_seeds":1,"minecraft:stone_pickaxe":2,"minecraft:acacia_sign":2,"minecraft:spruce_planks":11,"minecraft:iron_ingot":14,"minecraft:beef":19,"minecraft:iron_ore":4,"minecraft:sugar_cane":20,"minecraft:stick":25,"minecraft:raw_iron":33,"minecraft:pumpkin":12,"minecraft:sweet_berries":259,"minecraft:torch":17,"minecraft:gravel":15,"minecraft:porkchop":7,"minecraft:spruce_sapling":17,"minecraft:spruce_log":88,"minecraft:rotten_flesh":17,"minecraft:stone_sword":4,"minecraft:arrow":5,"minecraft:stone_shovel":1,"minecraft:stone_axe":3,"minecraft:gray_wool":1,"minecraft:spruce_sign":3,"minecraft:black_wool":1,"minecraft:mutton":14,"minecraft:coal":153,"minecraft:snowball":32,"minecraft:white_wool":7,"minecraft:cobblestone":976},"minecraft:broken":{"minecraft:stone_pickaxe":6,"minecraft:stone_sword":1,"minecraft:stone_shovel":1},"minecraft:killed_by":{"minecraft:zombie":1},"minecraft:crafted":{"minecraft:cooked_beef":19,"minecraft:stone_shovel":4,"minecraft:spruce_sign":21,"minecraft:crafting_table":5,"minecraft:spruce_planks":372,"minecraft:wooden_pickaxe":1,"minecraft:iron_helmet":1,"minecraft:spruce_door":6,"minecraft:furnace":4,"minecraft:copper_ingot":91,"minecraft:stone_axe":3,"minecraft:cooked_mutton":3,"minecraft:air":0,"minecraft:diamond_pickaxe":1,"minecraft:iron_chestplate":1,"minecraft:iron_boots":1,"minecraft:acacia_sign":9,"minecraft:stick":164,"minecraft:iron_ingot":19,"minecraft:iron_pickaxe":1,"minecraft:stone_pickaxe":9,"minecraft:stone_sword":4,"minecraft:chest":4,"minecraft:iron_leggings":1,"minecraft:white_bed":1,"minecraft:acacia_planks":256,"minecraft:torch":68}},"DataVersion":3700}