{"stats":{"minecraft:used":{"minecraft:cooked_mutton":9,"minecraft:stone_sword":76,"minecraft:stone_shovel":13,"minecraft:stone_pickaxe":151,"minecraft:chest":2,"minecraft:wooden_pickaxe":59,"minecraft:rotten_flesh":10,"minecraft:stone_axe":86,"minecraft:cobblestone":2,"minecraft:crafting_table":4,"minecraft:furnace":2,"minecraft:jungle_planks":135,"minecraft:jungle_door":2,"minecraft:spider_eye":1},"minecraft:picked_up":{"minecraft:cocoa_beans":4,"minecraft:crafting_table":3,"minecraft:jungle_door":1,"minecraft:jungle_log":56,"minecraft:jungle_planks":4,"minecraft:string":3,"minecraft:spider_eye":2,"minecraft:cornflower":1,"minecraft:dirt":48,"minecraft:rotten_flesh":10,"minecraft:bone":1,"minecraft:arrow":1,"minecraft:wheat_seeds":2,"minecraft:gray_wool":1,"minecraft:jungle_sapling":1,"minecraft:mutton":19,"minecraft:coal":91,"minecraft:white_wool":12,"minecraft:cobblestone":162,"minecraft:furnace":1},"minecraft:crafted":{"minecraft:jungle_door":3,"minecraft:stone_shovel":1,"minecraft:crafting_table":1,"minecraft:stick":40,"minecraft:wooden_pickaxe":1,"minecraft:stone_pickaxe":4,"minecraft:stone_sword":2,"minecraft:chest":2,"minecraft:furnace":1,"minecraft:stone_axe":1,"minecraft:jungle_planks":224,"minecraft:air":0,"minecraft:cooked_mutton":19},"minecraft:mined":{"minecraft:furnace":1,"minecraft:jungle_leaves":13,"minecraft:crafting_table":3,"minecraft:short_grass":7,"minecraft:grass_block":5,"minecraft:coal_ore":46,"minecraft:jungle_planks":4,"minecraft:cocoa":2,"minecraft:vine":15,"minecraft:jungle_log":56,"minecraft:dirt":8,"minecraft:tall_grass":3,"minecraft:cobblestone":2,"minecraft:stone":160,"minecraft:oak_leaves":2,"minecraft:fern":2},"minecraft:killed":{"minecraft:skeleton":1,"minecraft:sheep":13,"minecraft:zombie":4,"minecraft:spider":2},"minecraft:broken":{"minecraft:stone_pickaxe":1,"minecraft:wooden_pickaxe":1},"minecraft:custom":{"minecraft:time_since_rest":98696,"minecraft:interact_with_furnace":12,"minecraft:sprint_one_cm":190035,"minecraft:damage_taken":817,"minecraft:walk_one_cm":107854,"minecraft:mob_kills":20,"minecraft:damage_dealt":2664,"minecraft:interact_with_crafting_table":12,"minecraft:fly_one_cm":50152,"minecraft:open_chest":8,"minecraft:sneak_time":17,"minecraft:play_time":98696,"minecraft:jump":384,"minecraft:leave_game":17,"minecraft:time_since_death":98696,"minecraft:climb_one_cm":1906,"minecraft:total_world_time":98696,"minecraft:fall_one_cm":9496}},"DataVersion":3700}