{"stats":{"minecraft:custom":{"minecraft:time_since_rest":74370,"minecraft:damage_taken":661,"minecraft:crouch_one_cm":3,"minecraft:play_time":81081,"minecraft:sprint_one_cm":89229,"minecraft:walk_one_cm":83743,"minecraft:damage_absorbed":370,"minecraft:deaths":1,"minecraft:sneak_time":43,"minecraft:mob_kills":16,"minecraft:jump":380,"minecraft:damage_dealt":3109,"minecraft:leave_game":4,"minecraft:walk_on_water_one_cm":626,"minecraft:time_since_death":74350,"minecraft:open_chest":2,"minecraft:total_world_time":81081,"minecraft:damage_resisted":127,"minecraft:fall_one_cm":9938,"minecraft:fly_one_cm":118393},"minecraft:picked_up":{"minecraft:stick":1,"minecraft:arrow":1,"minecraft:rotten_flesh":10,"minecraft:apple":1,"minecraft:cobblestone":1,"minecraft:mossy_cobblestone":2,"minecraft:bone":1,"minecraft:dirt":16,"minecraft:string":2},"minecraft:killed":{"minecraft:zombie":13,"minecraft:spider":1,"minecraft:skeleton":2},"minecraft:mined":{"minecraft:short_grass":6,"minecraft:grass_block":3,"minecraft:mossy_cobblestone":2,"minecraft:stone":1,"minecraft:spawner":1},"minecraft:killed_by":{"minecraft:zombie":1},"minecraft:used":{"minecraft:gold_ore":8,"minecraft:apple":1,"minecraft:netherite_sword":60,"minecraft:diamond_pickaxe":7,"minecraft:iron_ore":8,"minecraft:coal_ore":18,"minecraft:cobblestone":1,"minecraft:mossy_cobblestone":2,"minecraft:enchanted_golden_apple":6,"minecraft:emerald_ore":2}},"DataVersion":3700}