{"stats":{"minecraft:killed":{"minecraft:pig":4,"minecraft:spider":1,"minecraft:sheep":9,"minecraft:skeleton":6,"minecraft:zombie":9,"minecraft:chicken":1,"minecraft:stray":1,"minecraft:cow":8},"minecraft:mined":{"minecraft:spruce_planks":2,"minecraft:crafting_table":2,"minecraft:grass_block":21,"minecraft:dead_bush":1,"minecraft:copper_ore":34,"minecraft:cobblestone":27,"minecraft:spruce_leaves":55,"minecraft:sugar_cane":6,"minecraft:wall_torch":1,"minecraft:large_fern":7,"minecraft:sweet_berry_bush":28,"minecraft:iron_ore":28,"minecraft:acacia_wood":13,"minecraft:ice":5,"minecraft:spruce_log":84,"minecraft:andesite":22,"minecraft:pumpkin":12,"minecraft:coal_ore":91,"minecraft:gravel":18,"minecraft:dirt":61,"minecraft:acacia_sign":2,"minecraft:stone":569,"minecraft:fern":2},"minecraft:used":{"minecraft:emerald_ore":1,"minecraft:stone_sword":206,"minecraft:spruce_door":1,"minecraft:stone_shovel":72,"minecraft:stone_pickaxe":793,"minecraft:spruce_planks":8,"minecraft:chest":4,"minecraft:wooden_pickaxe":10,"minecraft:torch":30,"minecraft:dirt":61,"minecraft:crafting_table":6,"minecraft:white_bed":1,"minecraft:apple":8,"minecraft:coal_ore":2,"minecraft:acacia_sign":10,"minecraft:bread":1,"minecraft:spruce_sapling":4,"minecraft:stone_axe":136,"minecraft:cobblestone":138,"minecraft:sweet_berries":58,"minecraft:furnace":4,"minecraft:andesite":25,"minecraft:acacia_wood":13,"minecraft:cooked_beef":13},"minecraft:custom":{"minecraft:interact_with_furnace":24,"minecraft:mob_kills":40,"minecraft:interact_with_cartography_table":1,"minecraft:interact_with_crafting_table":26,"minecraft:bell_ring":1,"minecraft:interact_with_grindstone":1,"minecraft:leave_game":3,"minecraft:time_since_death":92034,"minecraft:sleep_in_bed":5,"minecraft:climb_one_cm":315,"minecraft:time_since_rest":92091,"minecraft:sprint_one_cm":369851,"minecraft:damage_taken":1930,"minecraft:walk_one_cm":496830,"minecraft:damage_dealt":5814,"minecraft:talked_to_villager":6,"minecraft:swim_one_cm":5053,"minecraft:fly_one_cm":74810,"minecraft:open_chest":31,"minecraft:crouch_one_cm":50,"minecraft:play_time":215340,"minecraft:deaths":2,"minecraft:sneak_time":103,"minecraft:walk_under_water_one_cm":23692,"minecraft:jump":819,"minecraft:walk_on_water_one_cm":29547,"minecraft:total_world_time":215340,"minecraft:fall_one_cm":9571},"minecraft:picked_up":{"minecraft:iron_chestplate":1,"minecraft:crafting_table":2,"minecraft:feather":2,"minecraft:cooked_beef":7,"minecraft:chicken":1,"minecraft:andesite":38,"minecraft:leather":3,"minecraft:acacia_wood":13,"minecraft:flint":4,"minecraft:dirt":175,"minecraft:string":2,"minecraft:raw_copper":194,"minecraft:bone":7,"minecraft:spruce_planks":10,"minecraft:iron_ingot":14,"minecraft:stone_pickaxe":2,"minecraft:beef":19,"minecraft:acacia_sign":2,"minecraft:iron_ore":4,"minecraft:sugar_cane":20,"minecraft:stick":25,"minecraft:raw_iron":33,"minecraft:pumpkin":12,"minecraft:sweet_berries":64,"minecraft:torch":16,"minecraft:gravel":15,"minecraft:porkchop":7,"minecraft:spruce_sapling":17,"minecraft:spruce_log":88,"minecraft:arrow":4,"minecraft:stone_sword":4,"minecraft:stone_shovel":1,"minecraft:rotten_flesh":16,"minecraft:stone_axe":3,"minecraft:gray_wool":1,"minecraft:black_wool":1,"minecraft:mutton":14,"minecraft:snowball":23,"minecraft:coal":153,"minecraft:white_wool":7,"minecraft:cobblestone":940},"minecraft:broken":{"minecraft:stone_pickaxe":6,"minecraft:stone_sword":1},"minecraft:killed_by":{"minecraft:zombie":1},"minecraft:crafted":{"minecraft:cooked_beef":19,"minecraft:stone_shovel":1,"minecraft:crafting_table":5,"minecraft:spruce_planks":264,"minecraft:iron_helmet":1,"minecraft:wooden_pickaxe":1,"minecraft:spruce_door":3,"minecraft:furnace":4,"minecraft:copper_ingot":91,"minecraft:stone_axe":3,"minecraft:cooked_mutton":3,"minecraft:air":0,"minecraft:diamond_pickaxe":1,"minecraft:iron_boots":1,"minecraft:iron_chestplate":1,"minecraft:acacia_sign":9,"minecraft:stick":136,"minecraft:iron_ingot":19,"minecraft:iron_pickaxe":1,"minecraft:stone_pickaxe":9,"minecraft:stone_sword":4,"minecraft:chest":4,"minecraft:iron_leggings":1,"minecraft:white_bed":1,"minecraft:acacia_planks":256,"minecraft:torch":32}},"DataVersion":3700}