{"stats":{"minecraft:killed":{"minecraft:pig":4,"minecraft:spider":1,"minecraft:skeleton":8,"minecraft:sheep":9,"minecraft:zombie":13,"minecraft:chicken":1,"minecraft:stray":3,"minecraft:cow":8},"minecraft:mined":{"minecraft:spruce_planks":51,"minecraft:crafting_table":2,"minecraft:short_grass":4,"minecraft:grass_block":202,"minecraft:dead_bush":1,"minecraft:copper_ore":34,"minecraft:cobblestone":30,"minecraft:spruce_leaves":122,"minecraft:sugar_cane":6,"minecraft:spruce_sign":3,"minecraft:wall_torch":2,"minecraft:large_fern":7,"minecraft:ice":5,"minecraft:iron_ore":28,"minecraft:sweet_berry_bush":30,"minecraft:snow":30,"minecraft:acacia_wood":13,"minecraft:spruce_log":144,"minecraft:andesite":22,"minecraft:pumpkin":12,"minecraft:dirt_path":8,"minecraft:coal_ore":91,"minecraft:sand":25,"minecraft:gravel":18,"minecraft:dirt":153,"minecraft:acacia_sign":2,"minecraft:stone":604,"minecraft:fern":6},"minecraft:used":{"minecraft:emerald_ore":1,"minecraft:stone_sword":254,"minecraft:spruce_door":2,"minecraft:stone_shovel":431,"minecraft:stone_pickaxe":831,"minecraft:spruce_planks":417,"minecraft:chest":4,"minecraft:wooden_pickaxe":10,"minecraft:spruce_sign":8,"minecraft:torch":63,"minecraft:dirt":71,"minecraft:sand":1,"minecraft:crafting_table":7,"minecraft:white_bed":1,"minecraft:apple":8,"minecraft:coal_ore":2,"minecraft:acacia_sign":10,"minecraft:bread":1,"minecraft:spruce_sapling":21,"minecraft:stone_axe":270,"minecraft:cobblestone":166,"minecraft:sweet_berries":126,"minecraft:furnace":4,"minecraft:andesite":25,"minecraft:glass_pane":58,"minecraft:acacia_wood":13,"minecraft:cooked_beef":13},"minecraft:custom":{"minecraft:interact_with_furnace":33,"minecraft:mob_kills":48,"minecraft:interact_with_cartography_table":1,"minecraft:interact_with_crafting_table":33,"minecraft:bell_ring":1,"minecraft:interact_with_grindstone":1,"minecraft:leave_game":7,"minecraft:time_since_death":187743,"minecraft:sleep_in_bed":5,"minecraft:climb_one_cm":315,"minecraft:time_since_rest":187800,"minecraft:sprint_one_cm":563560,"minecraft:damage_taken":2310,"minecraft:walk_one_cm":786543,"minecraft:damage_dealt":7720,"minecraft:swim_one_cm":5053,"minecraft:talked_to_villager":6,"minecraft:fly_one_cm":118956,"minecraft:open_chest":45,"minecraft:crouch_one_cm":50,"minecraft:play_time":311049,"minecraft:deaths":2,"minecraft:sneak_time":103,"minecraft:walk_under_water_one_cm":23692,"minecraft:jump":1139,"minecraft:walk_on_water_one_cm":32152,"minecraft:total_world_time":311049,"minecraft:fall_one_cm":14230},"minecraft:picked_up":{"minecraft:iron_chestplate":1,"minecraft:crafting_table":2,"minecraft:feather":2,"minecraft:cooked_beef":7,"minecraft:chicken":1,"minecraft:andesite":38,"minecraft:leather":3,"minecraft:acacia_wood":13,"minecraft:flint":4,"minecraft:string":2,"minecraft:dirt":472,"minecraft:raw_copper":194,"minecraft:bone":8,"minecraft:wheat_seeds":2,"minecraft:stone_pickaxe":2,"minecraft:acacia_sign":2,"minecraft:spruce_planks":59,"minecraft:iron_ingot":14,"minecraft:beef":19,"minecraft:iron_ore":4,"minecraft:sugar_cane":20,"minecraft:stick":33,"minecraft:raw_iron":33,"minecraft:pumpkin":12,"minecraft:sweet_berries":490,"minecraft:sand":25,"minecraft:torch":18,"minecraft:gravel":15,"minecraft:porkchop":7,"minecraft:spruce_sapling":34,"minecraft:spruce_log":148,"minecraft:rotten_flesh":19,"minecraft:stone_sword":4,"minecraft:arrow":9,"minecraft:stone_shovel":1,"minecraft:stone_axe":3,"minecraft:gray_wool":1,"minecraft:spruce_sign":3,"minecraft:black_wool":1,"minecraft:mutton":14,"minecraft:coal":153,"minecraft:snowball":58,"minecraft:white_wool":7,"minecraft:cobblestone":978},"minecraft:broken":{"minecraft:stone_pickaxe":6,"minecraft:stone_axe":1,"minecraft:stone_sword":1,"minecraft:stone_shovel":3},"minecraft:killed_by":{"minecraft:zombie":1},"minecraft:crafted":{"minecraft:cooked_beef":19,"minecraft:stone_shovel":4,"minecraft:spruce_sign":21,"minecraft:crafting_table":6,"minecraft:spruce_planks":612,"minecraft:wooden_pickaxe":1,"minecraft:iron_helmet":1,"minecraft:spruce_door":6,"minecraft:furnace":4,"minecraft:copper_ingot":91,"minecraft:stone_axe":3,"minecraft:cooked_mutton":3,"minecraft:air":0,"minecraft:glass_pane":96,"minecraft:glass":46,"minecraft:diamond_pickaxe":1,"minecraft:iron_chestplate":1,"minecraft:iron_boots":1,"minecraft:acacia_sign":9,"minecraft:stick":164,"minecraft:iron_ingot":19,"minecraft:iron_pickaxe":1,"minecraft:stone_pickaxe":9,"minecraft:stone_sword":4,"minecraft:chest":4,"minecraft:iron_leggings":1,"minecraft:white_bed":1,"minecraft:acacia_planks":256,"minecraft:torch":68}},"DataVersion":3700}