{"stats":{"minecraft:mined":{"minecraft:crafting_table":2,"minecraft:granite":1,"minecraft:short_grass":20,"minecraft:grass_block":7,"minecraft:copper_ore":22,"minecraft:tall_grass":6,"minecraft:furnace":1,"minecraft:coal_ore":128,"minecraft:oak_log":29,"minecraft:dirt":5,"minecraft:stone":116,"minecraft:oak_leaves":5},"minecraft:broken":{"minecraft:stone_pickaxe":1,"minecraft:stone_sword":1,"minecraft:wooden_pickaxe":1},"minecraft:custom":{"minecraft:interact_with_furnace":39,"minecraft:mob_kills":50,"minecraft:interact_with_cartography_table":1,"minecraft:interact_with_crafting_table":18,"minecraft:leave_game":14,"minecraft:time_since_death":10572,"minecraft:sleep_in_bed":3,"minecraft:time_since_rest":3674,"minecraft:sprint_one_cm":365010,"minecraft:damage_taken":2516,"minecraft:walk_one_cm":223142,"minecraft:damage_dealt":6237,"minecraft:swim_one_cm":5367,"minecraft:talked_to_villager":4,"minecraft:fly_one_cm":270948,"minecraft:open_chest":19,"minecraft:play_time":113346,"minecraft:deaths":3,"minecraft:sneak_time":15,"minecraft:walk_under_water_one_cm":1151,"minecraft:jump":687,"minecraft:walk_on_water_one_cm":1009,"minecraft:total_world_time":113346,"minecraft:fall_one_cm":21173},"minecraft:crafted":{"minecraft:cooked_beef":7,"minecraft:oak_planks":112,"minecraft:cooked_porkchop":15,"minecraft:crafting_table":1,"minecraft:wooden_pickaxe":1,"minecraft:cooked_chicken":1,"minecraft:furnace":3,"minecraft:copper_ingot":85,"minecraft:oak_wood":3,"minecraft:stone_axe":2,"minecraft:cooked_mutton":12,"minecraft:air":0,"minecraft:stick":56,"minecraft:stone_pickaxe":4,"minecraft:stone_sword":3,"minecraft:chest":2,"minecraft:white_bed":1,"minecraft:torch":40},"minecraft:killed":{"minecraft:pig":8,"minecraft:spider":5,"minecraft:sheep":15,"minecraft:horse":2,"minecraft:skeleton":3,"minecraft:zombie":10,"minecraft:chicken":2,"minecraft:cow":4},"minecraft:killed_by":{"minecraft:zombie":3},"minecraft:picked_up":{"minecraft:crafting_table":2,"minecraft:feather":3,"minecraft:chicken":2,"minecraft:leather":3,"minecraft:oak_log":29,"minecraft:string":3,"minecraft:lapis_lazuli":27,"minecraft:dirt":39,"minecraft:raw_copper":85,"minecraft:name_tag":3,"minecraft:bone":5,"minecraft:wheat_seeds":10,"minecraft:beef":7,"minecraft:stone_pickaxe":2,"minecraft:iron_nugget":102,"minecraft:light_gray_wool":5,"minecraft:acacia_sapling":6,"minecraft:furnace":1,"minecraft:cooked_porkchop":14,"minecraft:torch":117,"minecraft:porkchop":16,"minecraft:golden_axe":11,"minecraft:spider_eye":2,"minecraft:pumpkin_seeds":6,"minecraft:stone_sword":3,"minecraft:arrow":4,"minecraft:rotten_flesh":13,"minecraft:stone_axe":4,"minecraft:granite":1,"minecraft:golden_apple":3,"minecraft:gray_wool":3,"minecraft:gold_ingot":6,"minecraft:bread":9,"minecraft:melon_seeds":12,"minecraft:glow_berries":15,"minecraft:mutton":26,"minecraft:coal":127,"minecraft:white_wool":10,"minecraft:cobblestone":177},"minecraft:used":{"minecraft:cooked_mutton":12,"minecraft:emerald_ore":5,"minecraft:stone_sword":158,"minecraft:stone_pickaxe":232,"minecraft:chest":2,"minecraft:wooden_pickaxe":49,"minecraft:cooked_chicken":1,"minecraft:rotten_flesh":1,"minecraft:torch":16,"minecraft:crafting_table":3,"minecraft:white_bed":1,"minecraft:bread":3,"minecraft:stone_axe":34,"minecraft:furnace":4,"minecraft:cooked_porkchop":2,"minecraft:cooked_beef":7,"minecraft:golden_axe":11}},"DataVersion":3700}