{"stats":{"minecraft:killed":{"minecraft:pig":4,"minecraft:spider":1,"minecraft:skeleton":10,"minecraft:sheep":9,"minecraft:zombie":16,"minecraft:chicken":1,"minecraft:stray":3,"minecraft:cow":8},"minecraft:mined":{"minecraft:spruce_planks":51,"minecraft:crafting_table":2,"minecraft:short_grass":4,"minecraft:grass_block":205,"minecraft:dead_bush":1,"minecraft:copper_ore":34,"minecraft:cobblestone":49,"minecraft:spruce_leaves":123,"minecraft:sugar_cane":6,"minecraft:wall_torch":2,"minecraft:spruce_sign":3,"minecraft:large_fern":7,"minecraft:acacia_wood":13,"minecraft:sweet_berry_bush":30,"minecraft:iron_ore":28,"minecraft:snow":30,"minecraft:ice":5,"minecraft:spruce_log":150,"minecraft:andesite":29,"minecraft:pumpkin":12,"minecraft:coal_ore":91,"minecraft:dirt_path":8,"minecraft:gravel":22,"minecraft:sand":25,"minecraft:dirt":157,"minecraft:acacia_sign":2,"minecraft:stone":604,"minecraft:fern":6},"minecraft:used":{"minecraft:emerald_ore":1,"minecraft:stone_sword":287,"minecraft:spruce_door":2,"minecraft:stone_shovel":439,"minecraft:stone_pickaxe":861,"minecraft:chest":4,"minecraft:spruce_planks":417,"minecraft:wooden_pickaxe":10,"minecraft:spruce_sign":8,"minecraft:torch":65,"minecraft:dirt":71,"minecraft:sand":1,"minecraft:crafting_table":7,"minecraft:white_bed":1,"minecraft:apple":8,"minecraft:coal_ore":2,"minecraft:acacia_sign":10,"minecraft:bread":1,"minecraft:spruce_sapling":21,"minecraft:stone_axe":280,"minecraft:cobblestone":166,"minecraft:sweet_berries":132,"minecraft:furnace":4,"minecraft:andesite":25,"minecraft:glass_pane":58,"minecraft:acacia_wood":13,"minecraft:cooked_beef":17},"minecraft:custom":{"minecraft:interact_with_furnace":33,"minecraft:mob_kills":53,"minecraft:interact_with_crafting_table":33,"minecraft:interact_with_cartography_table":1,"minecraft:bell_ring":1,"minecraft:interact_with_grindstone":1,"minecraft:leave_game":10,"minecraft:time_since_death":193834,"minecraft:sleep_in_bed":5,"minecraft:climb_one_cm":315,"minecraft:time_since_rest":193891,"minecraft:sprint_one_cm":581629,"minecraft:damage_taken":2758,"minecraft:walk_one_cm":802946,"minecraft:damage_dealt":8908,"minecraft:swim_one_cm":5053,"minecraft:talked_to_villager":6,"minecraft:fly_one_cm":126832,"minecraft:open_chest":45,"minecraft:crouch_one_cm":50,"minecraft:play_time":317140,"minecraft:deaths":2,"minecraft:sneak_time":103,"minecraft:walk_under_water_one_cm":23692,"minecraft:jump":1213,"minecraft:walk_on_water_one_cm":32733,"minecraft:total_world_time":317140,"minecraft:fall_one_cm":15457},"minecraft:picked_up":{"minecraft:iron_chestplate":1,"minecraft:crafting_table":2,"minecraft:feather":2,"minecraft:cooked_beef":7,"minecraft:chicken":1,"minecraft:andesite":45,"minecraft:leather":3,"minecraft:acacia_wood":13,"minecraft:flint":5,"minecraft:dirt":479,"minecraft:string":2,"minecraft:raw_copper":194,"minecraft:bone":11,"minecraft:wheat_seeds":2,"minecraft:stone_pickaxe":2,"minecraft:acacia_sign":2,"minecraft:spruce_planks":59,"minecraft:iron_ingot":14,"minecraft:beef":19,"minecraft:iron_ore":4,"minecraft:sugar_cane":20,"minecraft:stick":33,"minecraft:raw_iron":33,"minecraft:pumpkin":12,"minecraft:sweet_berries":490,"minecraft:torch":18,"minecraft:gravel":18,"minecraft:porkchop":7,"minecraft:sand":25,"minecraft:spruce_sapling":34,"minecraft:spruce_log":154,"minecraft:rotten_flesh":21,"minecraft:stone_sword":4,"minecraft:arrow":11,"minecraft:stone_shovel":1,"minecraft:stone_axe":3,"minecraft:gray_wool":1,"minecraft:spruce_sign":3,"minecraft:black_wool":1,"minecraft:mutton":14,"minecraft:snowball":58,"minecraft:coal":153,"minecraft:white_wool":7,"minecraft:cobblestone":997},"minecraft:broken":{"minecraft:stone_pickaxe":6,"minecraft:stone_sword":2,"minecraft:stone_axe":2,"minecraft:stone_shovel":3},"minecraft:killed_by":{"minecraft:zombie":1},"minecraft:crafted":{"minecraft:cooked_beef":19,"minecraft:stone_shovel":4,"minecraft:spruce_sign":21,"minecraft:crafting_table":6,"minecraft:spruce_planks":636,"minecraft:iron_helmet":1,"minecraft:wooden_pickaxe":1,"minecraft:spruce_door":6,"minecraft:furnace":4,"minecraft:copper_ingot":91,"minecraft:stone_axe":3,"minecraft:air":0,"minecraft:cooked_mutton":3,"minecraft:glass_pane":96,"minecraft:glass":46,"minecraft:diamond_pickaxe":1,"minecraft:iron_chestplate":1,"minecraft:acacia_sign":9,"minecraft:iron_boots":1,"minecraft:stick":164,"minecraft:iron_ingot":19,"minecraft:iron_pickaxe":1,"minecraft:stone_pickaxe":9,"minecraft:stone_sword":4,"minecraft:chest":4,"minecraft:iron_leggings":1,"minecraft:white_bed":1,"minecraft:acacia_planks":256,"minecraft:torch":68}},"DataVersion":3700}