{"stats":{"minecraft:picked_up":{"minecraft:stick":1,"minecraft:potato":1,"minecraft:spruce_log":1,"minecraft:string":2,"minecraft:dirt":54,"minecraft:mossy_cobblestone":2,"minecraft:arrow":4,"minecraft:bone":1,"minecraft:rotten_flesh":17,"minecraft:apple":1,"minecraft:wheat_seeds":3,"minecraft:iron_ingot":1,"minecraft:coal":1,"minecraft:snowball":54,"minecraft:cobblestone":22},"minecraft:mined":{"minecraft:mossy_cobblestone":2,"minecraft:short_grass":14,"minecraft:grass_block":3,"minecraft:coal_ore":1,"minecraft:dirt":1,"minecraft:tall_grass":1,"minecraft:stone":20,"minecraft:spawner":1},"minecraft:custom":{"minecraft:time_since_rest":120057,"minecraft:sprint_one_cm":123041,"minecraft:damage_absorbed":793,"minecraft:damage_taken":1263,"minecraft:walk_one_cm":228339,"minecraft:mob_kills":34,"minecraft:damage_dealt":6332,"minecraft:fly_one_cm":131513,"minecraft:open_chest":2,"minecraft:crouch_one_cm":6184,"minecraft:play_time":126768,"minecraft:deaths":1,"minecraft:sneak_time":238,"minecraft:jump":572,"minecraft:leave_game":9,"minecraft:walk_on_water_one_cm":626,"minecraft:time_since_death":120037,"minecraft:total_world_time":126768,"minecraft:damage_resisted":309,"minecraft:fall_one_cm":16116},"minecraft:killed":{"minecraft:skeleton":4,"minecraft:zombie":28,"minecraft:spider":1},"minecraft:killed_by":{"minecraft:zombie":1},"minecraft:used":{"minecraft:emerald_ore":5,"minecraft:netherite_sword":126,"minecraft:diamond_pickaxe":29,"minecraft:apple":1,"minecraft:iron_ore":8,"minecraft:coal_ore":20,"minecraft:gold_ore":8,"minecraft:mossy_cobblestone":2,"minecraft:dirt":3,"minecraft:cobblestone":20,"minecraft:snowball":32,"minecraft:enchanted_golden_apple":12}},"DataVersion":3700}