{"stats":{"minecraft:killed":{"minecraft:skeleton":1,"minecraft:sheep":4,"minecraft:zombie":3,"minecraft:spider":2},"minecraft:broken":{"minecraft:wooden_pickaxe":1},"minecraft:used":{"minecraft:cooked_mutton":6,"minecraft:stone_sword":44,"minecraft:stone_shovel":13,"minecraft:stone_pickaxe":108,"minecraft:chest":2,"minecraft:wooden_pickaxe":59,"minecraft:rotten_flesh":6,"minecraft:stone_axe":34,"minecraft:crafting_table":4,"minecraft:furnace":2,"minecraft:jungle_planks":49},"minecraft:picked_up":{"minecraft:crafting_table":3,"minecraft:jungle_log":23,"minecraft:string":3,"minecraft:cornflower":1,"minecraft:spider_eye":2,"minecraft:dirt":48,"minecraft:arrow":1,"minecraft:bone":1,"minecraft:rotten_flesh":7,"minecraft:wheat_seeds":2,"minecraft:jungle_sapling":1,"minecraft:mutton":6,"minecraft:coal":91,"minecraft:white_wool":4,"minecraft:cobblestone":119,"minecraft:furnace":1},"minecraft:crafted":{"minecraft:stone_shovel":1,"minecraft:crafting_table":1,"minecraft:stick":40,"minecraft:wooden_pickaxe":1,"minecraft:stone_pickaxe":1,"minecraft:stone_sword":2,"minecraft:chest":2,"minecraft:furnace":1,"minecraft:stone_axe":1,"minecraft:cooked_mutton":6,"minecraft:air":0,"minecraft:jungle_planks":92},"minecraft:custom":{"minecraft:time_since_rest":40956,"minecraft:interact_with_furnace":8,"minecraft:sprint_one_cm":109489,"minecraft:damage_taken":592,"minecraft:walk_one_cm":65815,"minecraft:mob_kills":10,"minecraft:damage_dealt":1745,"minecraft:interact_with_crafting_table":9,"minecraft:fly_one_cm":18788,"minecraft:open_chest":2,"minecraft:play_time":40956,"minecraft:jump":161,"minecraft:leave_game":12,"minecraft:time_since_death":40956,"minecraft:climb_one_cm":120,"minecraft:total_world_time":40956,"minecraft:fall_one_cm":6034},"minecraft:mined":{"minecraft:furnace":1,"minecraft:jungle_leaves":9,"minecraft:crafting_table":3,"minecraft:short_grass":2,"minecraft:grass_block":5,"minecraft:coal_ore":46,"minecraft:vine":4,"minecraft:jungle_log":23,"minecraft:dirt":8,"minecraft:tall_grass":3,"minecraft:stone":119,"minecraft:oak_leaves":2,"minecraft:fern":1}},"DataVersion":3700}