{"stats":{"minecraft:killed":{"minecraft:zombie":2},"minecraft:mined":{"minecraft:iron_ore":1,"minecraft:acacia_wood":13,"minecraft:ice":5,"minecraft:spruce_log":18,"minecraft:crafting_table":1,"minecraft:grass_block":15,"minecraft:gravel":3,"minecraft:dirt":21,"minecraft:copper_ore":5,"minecraft:acacia_sign":2,"minecraft:spruce_leaves":6,"minecraft:stone":101},"minecraft:used":{"minecraft:emerald_ore":1,"minecraft:apple":7,"minecraft:stone_sword":13,"minecraft:acacia_sign":10,"minecraft:stone_pickaxe":116,"minecraft:wooden_pickaxe":10,"minecraft:spruce_sapling":4,"minecraft:stone_axe":16,"minecraft:dirt":11,"minecraft:crafting_table":2,"minecraft:acacia_wood":13},"minecraft:picked_up":{"minecraft:raw_iron":1,"minecraft:crafting_table":1,"minecraft:acacia_wood":13,"minecraft:gravel":2,"minecraft:flint":1,"minecraft:spruce_sapling":6,"minecraft:spruce_log":18,"minecraft:string":1,"minecraft:dirt":82,"minecraft:raw_copper":12,"minecraft:rotten_flesh":6,"minecraft:acacia_sign":2,"minecraft:iron_ore":2,"minecraft:snowball":16,"minecraft:cobblestone":105},"minecraft:custom":{"minecraft:time_since_rest":9627,"minecraft:sprint_one_cm":81829,"minecraft:damage_taken":611,"minecraft:walk_one_cm":99593,"minecraft:mob_kills":3,"minecraft:damage_dealt":497,"minecraft:swim_one_cm":5053,"minecraft:interact_with_crafting_table":5,"minecraft:fly_one_cm":14922,"minecraft:play_time":49720,"minecraft:deaths":1,"minecraft:sneak_time":21,"minecraft:walk_under_water_one_cm":10199,"minecraft:jump":152,"minecraft:leave_game":2,"minecraft:time_since_death":9575,"minecraft:walk_on_water_one_cm":250,"minecraft:total_world_time":49720,"minecraft:fall_one_cm":1022},"minecraft:crafted":{"minecraft:acacia_sign":9,"minecraft:crafting_table":2,"minecraft:spruce_planks":72,"minecraft:stick":80,"minecraft:wooden_pickaxe":1,"minecraft:stone_pickaxe":3,"minecraft:stone_sword":2,"minecraft:acacia_planks":256,"minecraft:stone_axe":2}},"DataVersion":3700}