{"stats":{"minecraft:mined":{"minecraft:crafting_table":2,"minecraft:short_grass":19,"minecraft:oak_log":29,"minecraft:grass_block":7,"minecraft:coal_ore":23,"minecraft:dirt":4,"minecraft:copper_ore":2,"minecraft:tall_grass":6,"minecraft:stone":43,"minecraft:oak_leaves":5},"minecraft:custom":{"minecraft:time_since_rest":12934,"minecraft:interact_with_furnace":16,"minecraft:sprint_one_cm":135543,"minecraft:damage_taken":570,"minecraft:walk_one_cm":85124,"minecraft:mob_kills":32,"minecraft:damage_dealt":3736,"minecraft:swim_one_cm":5367,"minecraft:interact_with_crafting_table":13,"minecraft:fly_one_cm":30542,"minecraft:open_chest":3,"minecraft:play_time":35146,"minecraft:walk_under_water_one_cm":1151,"minecraft:jump":216,"minecraft:leave_game":4,"minecraft:walk_on_water_one_cm":741,"minecraft:time_since_death":35146,"minecraft:sleep_in_bed":1,"minecraft:total_world_time":35146,"minecraft:fall_one_cm":4985},"minecraft:picked_up":{"minecraft:crafting_table":2,"minecraft:feather":2,"minecraft:chicken":1,"minecraft:leather":3,"minecraft:porkchop":15,"minecraft:oak_log":29,"minecraft:string":3,"minecraft:spider_eye":2,"minecraft:dirt":29,"minecraft:raw_copper":8,"minecraft:bone":4,"minecraft:arrow":4,"minecraft:rotten_flesh":3,"minecraft:wheat_seeds":6,"minecraft:beef":7,"minecraft:gray_wool":2,"minecraft:light_gray_wool":1,"minecraft:mutton":12,"minecraft:coal":23,"minecraft:white_wool":7,"minecraft:cobblestone":43},"minecraft:broken":{"minecraft:wooden_pickaxe":1},"minecraft:crafted":{"minecraft:oak_planks":112,"minecraft:cooked_porkchop":15,"minecraft:crafting_table":1,"minecraft:stick":56,"minecraft:cooked_chicken":1,"minecraft:wooden_pickaxe":1,"minecraft:stone_pickaxe":2,"minecraft:stone_sword":1,"minecraft:chest":2,"minecraft:furnace":1,"minecraft:white_bed":1,"minecraft:copper_ingot":8,"minecraft:oak_wood":3,"minecraft:stone_axe":2,"minecraft:air":0,"minecraft:cooked_mutton":9},"minecraft:used":{"minecraft:cooked_mutton":8,"minecraft:stone_sword":110,"minecraft:stone_pickaxe":30,"minecraft:chest":2,"minecraft:wooden_pickaxe":49,"minecraft:cooked_chicken":1,"minecraft:rotten_flesh":1,"minecraft:stone_axe":22,"minecraft:crafting_table":3,"minecraft:furnace":1,"minecraft:white_bed":1},"minecraft:killed":{"minecraft:skeleton":2,"minecraft:horse":2,"minecraft:sheep":10,"minecraft:pig":7,"minecraft:chicken":1,"minecraft:spider":5,"minecraft:cow":4}},"DataVersion":3700}