{"stats":{"minecraft:picked_up":{"minecraft:stick":1,"minecraft:spruce_log":1,"minecraft:string":2,"minecraft:dirt":31,"minecraft:mossy_cobblestone":2,"minecraft:arrow":3,"minecraft:bone":1,"minecraft:rotten_flesh":12,"minecraft:apple":1,"minecraft:snowball":54,"minecraft:cobblestone":20},"minecraft:mined":{"minecraft:mossy_cobblestone":2,"minecraft:short_grass":6,"minecraft:grass_block":3,"minecraft:dirt":1,"minecraft:stone":20,"minecraft:spawner":1},"minecraft:custom":{"minecraft:time_since_rest":96625,"minecraft:sprint_one_cm":99202,"minecraft:damage_absorbed":531,"minecraft:damage_taken":851,"minecraft:walk_one_cm":96020,"minecraft:mob_kills":24,"minecraft:damage_dealt":4346,"minecraft:fly_one_cm":122393,"minecraft:open_chest":2,"minecraft:crouch_one_cm":3,"minecraft:play_time":103336,"minecraft:deaths":1,"minecraft:sneak_time":43,"minecraft:jump":444,"minecraft:leave_game":7,"minecraft:walk_on_water_one_cm":626,"minecraft:time_since_death":96605,"minecraft:total_world_time":103336,"minecraft:damage_resisted":186,"minecraft:fall_one_cm":12437},"minecraft:killed":{"minecraft:skeleton":3,"minecraft:zombie":19,"minecraft:spider":1},"minecraft:killed_by":{"minecraft:zombie":1},"minecraft:used":{"minecraft:emerald_ore":2,"minecraft:netherite_sword":81,"minecraft:diamond_pickaxe":28,"minecraft:apple":1,"minecraft:iron_ore":8,"minecraft:coal_ore":20,"minecraft:gold_ore":8,"minecraft:mossy_cobblestone":2,"minecraft:dirt":3,"minecraft:cobblestone":20,"minecraft:enchanted_golden_apple":8}},"DataVersion":3700}