{"stats":{"minecraft:picked_up":{"minecraft:crafting_table":2,"minecraft:feather":2,"minecraft:chicken":1,"minecraft:leather":3,"minecraft:porkchop":15,"minecraft:oak_log":29,"minecraft:string":3,"minecraft:spider_eye":2,"minecraft:dirt":30,"minecraft:raw_copper":85,"minecraft:arrow":4,"minecraft:bone":5,"minecraft:rotten_flesh":3,"minecraft:wheat_seeds":6,"minecraft:beef":7,"minecraft:granite":1,"minecraft:gray_wool":2,"minecraft:light_gray_wool":1,"minecraft:mutton":12,"minecraft:coal":127,"minecraft:white_wool":7,"minecraft:cobblestone":95,"minecraft:furnace":1},"minecraft:crafted":{"minecraft:cooked_beef":7,"minecraft:oak_planks":112,"minecraft:cooked_porkchop":15,"minecraft:crafting_table":1,"minecraft:stick":56,"minecraft:cooked_chicken":1,"minecraft:wooden_pickaxe":1,"minecraft:stone_pickaxe":2,"minecraft:stone_sword":1,"minecraft:chest":2,"minecraft:furnace":3,"minecraft:white_bed":1,"minecraft:copper_ingot":85,"minecraft:oak_wood":3,"minecraft:torch":40,"minecraft:stone_axe":2,"minecraft:air":0,"minecraft:cooked_mutton":12},"minecraft:mined":{"minecraft:furnace":1,"minecraft:crafting_table":2,"minecraft:granite":1,"minecraft:short_grass":19,"minecraft:coal_ore":128,"minecraft:grass_block":7,"minecraft:oak_log":29,"minecraft:dirt":5,"minecraft:copper_ore":22,"minecraft:tall_grass":6,"minecraft:stone":97,"minecraft:oak_leaves":5},"minecraft:custom":{"minecraft:time_since_rest":6761,"minecraft:interact_with_furnace":34,"minecraft:sprint_one_cm":158537,"minecraft:damage_taken":975,"minecraft:walk_one_cm":127701,"minecraft:mob_kills":37,"minecraft:damage_dealt":4635,"minecraft:interact_with_crafting_table":16,"minecraft:swim_one_cm":5367,"minecraft:fly_one_cm":38172,"minecraft:open_chest":8,"minecraft:play_time":69910,"minecraft:walk_under_water_one_cm":1151,"minecraft:jump":316,"minecraft:leave_game":7,"minecraft:walk_on_water_one_cm":1009,"minecraft:time_since_death":69910,"minecraft:sleep_in_bed":2,"minecraft:total_world_time":69910,"minecraft:fall_one_cm":6301},"minecraft:used":{"minecraft:cooked_mutton":12,"minecraft:stone_sword":131,"minecraft:stone_pickaxe":211,"minecraft:chest":2,"minecraft:wooden_pickaxe":49,"minecraft:rotten_flesh":1,"minecraft:cooked_chicken":1,"minecraft:stone_axe":22,"minecraft:torch":16,"minecraft:crafting_table":3,"minecraft:furnace":4,"minecraft:white_bed":1},"minecraft:broken":{"minecraft:stone_pickaxe":1,"minecraft:wooden_pickaxe":1},"minecraft:killed":{"minecraft:horse":2,"minecraft:skeleton":3,"minecraft:sheep":10,"minecraft:zombie":4,"minecraft:pig":7,"minecraft:chicken":1,"minecraft:spider":5,"minecraft:cow":4}},"DataVersion":3700}