{"stats":{"minecraft:custom":{"minecraft:time_since_rest":62370,"minecraft:damage_taken":585,"minecraft:crouch_one_cm":3,"minecraft:play_time":69081,"minecraft:sprint_one_cm":84535,"minecraft:walk_one_cm":69949,"minecraft:damage_absorbed":330,"minecraft:deaths":1,"minecraft:sneak_time":43,"minecraft:mob_kills":8,"minecraft:jump":304,"minecraft:damage_dealt":1508,"minecraft:leave_game":4,"minecraft:walk_on_water_one_cm":626,"minecraft:time_since_death":62350,"minecraft:total_world_time":69081,"minecraft:damage_resisted":119,"minecraft:fall_one_cm":9073,"minecraft:fly_one_cm":114968},"minecraft:picked_up":{"minecraft:stick":1,"minecraft:arrow":1,"minecraft:rotten_flesh":5,"minecraft:apple":1,"minecraft:dirt":16,"minecraft:string":2},"minecraft:killed":{"minecraft:zombie":6,"minecraft:spider":1,"minecraft:skeleton":1},"minecraft:mined":{"minecraft:short_grass":3,"minecraft:grass_block":3},"minecraft:killed_by":{"minecraft:zombie":1},"minecraft:used":{"minecraft:gold_ore":8,"minecraft:apple":1,"minecraft:netherite_sword":32,"minecraft:diamond_pickaxe":3,"minecraft:iron_ore":8,"minecraft:coal_ore":18,"minecraft:enchanted_golden_apple":5,"minecraft:emerald_ore":2}},"DataVersion":3700}