{"stats":{"minecraft:used":{"minecraft:cooked_mutton":7,"minecraft:stone_sword":76,"minecraft:stone_shovel":13,"minecraft:stone_pickaxe":110,"minecraft:chest":2,"minecraft:wooden_pickaxe":59,"minecraft:rotten_flesh":10,"minecraft:stone_axe":67,"minecraft:cobblestone":2,"minecraft:crafting_table":4,"minecraft:furnace":2,"minecraft:jungle_planks":49,"minecraft:spider_eye":1},"minecraft:picked_up":{"minecraft:cocoa_beans":4,"minecraft:crafting_table":3,"minecraft:jungle_log":48,"minecraft:string":3,"minecraft:spider_eye":2,"minecraft:cornflower":1,"minecraft:dirt":48,"minecraft:bone":1,"minecraft:arrow":1,"minecraft:rotten_flesh":10,"minecraft:wheat_seeds":2,"minecraft:gray_wool":1,"minecraft:jungle_sapling":1,"minecraft:mutton":19,"minecraft:coal":91,"minecraft:white_wool":12,"minecraft:cobblestone":121,"minecraft:furnace":1},"minecraft:crafted":{"minecraft:stone_shovel":1,"minecraft:crafting_table":1,"minecraft:stick":40,"minecraft:wooden_pickaxe":1,"minecraft:stone_pickaxe":1,"minecraft:stone_sword":2,"minecraft:chest":2,"minecraft:furnace":1,"minecraft:stone_axe":1,"minecraft:jungle_planks":92,"minecraft:air":0,"minecraft:cooked_mutton":10},"minecraft:mined":{"minecraft:furnace":1,"minecraft:jungle_leaves":10,"minecraft:crafting_table":3,"minecraft:short_grass":7,"minecraft:cocoa":2,"minecraft:grass_block":5,"minecraft:coal_ore":46,"minecraft:vine":11,"minecraft:jungle_log":48,"minecraft:dirt":8,"minecraft:tall_grass":3,"minecraft:cobblestone":2,"minecraft:stone":119,"minecraft:oak_leaves":2,"minecraft:fern":2},"minecraft:killed":{"minecraft:skeleton":1,"minecraft:sheep":13,"minecraft:zombie":4,"minecraft:spider":2},"minecraft:broken":{"minecraft:wooden_pickaxe":1},"minecraft:custom":{"minecraft:time_since_rest":72134,"minecraft:interact_with_furnace":10,"minecraft:sprint_one_cm":165636,"minecraft:damage_taken":722,"minecraft:walk_one_cm":88097,"minecraft:mob_kills":20,"minecraft:damage_dealt":2664,"minecraft:interact_with_crafting_table":9,"minecraft:fly_one_cm":39778,"minecraft:open_chest":2,"minecraft:play_time":72134,"minecraft:sneak_time":17,"minecraft:jump":308,"minecraft:leave_game":13,"minecraft:time_since_death":72134,"minecraft:climb_one_cm":1890,"minecraft:total_world_time":72134,"minecraft:fall_one_cm":8289}},"DataVersion":3700}