{"stats":{"minecraft:picked_up":{"minecraft:stick":1,"minecraft:spruce_log":1,"minecraft:string":2,"minecraft:dirt":31,"minecraft:mossy_cobblestone":2,"minecraft:arrow":3,"minecraft:bone":1,"minecraft:rotten_flesh":12,"minecraft:apple":1,"minecraft:iron_ingot":1,"minecraft:coal":1,"minecraft:snowball":54,"minecraft:cobblestone":20},"minecraft:mined":{"minecraft:mossy_cobblestone":2,"minecraft:short_grass":6,"minecraft:grass_block":3,"minecraft:coal_ore":1,"minecraft:dirt":1,"minecraft:stone":20,"minecraft:spawner":1},"minecraft:custom":{"minecraft:time_since_rest":108075,"minecraft:sprint_one_cm":111067,"minecraft:damage_absorbed":531,"minecraft:damage_taken":981,"minecraft:walk_one_cm":207973,"minecraft:mob_kills":25,"minecraft:damage_dealt":4416,"minecraft:fly_one_cm":122946,"minecraft:open_chest":2,"minecraft:crouch_one_cm":6184,"minecraft:play_time":114786,"minecraft:deaths":1,"minecraft:sneak_time":238,"minecraft:jump":480,"minecraft:leave_game":9,"minecraft:walk_on_water_one_cm":626,"minecraft:time_since_death":108055,"minecraft:total_world_time":114786,"minecraft:damage_resisted":206,"minecraft:fall_one_cm":13273},"minecraft:killed":{"minecraft:skeleton":3,"minecraft:zombie":20,"minecraft:spider":1},"minecraft:killed_by":{"minecraft:zombie":1},"minecraft:used":{"minecraft:emerald_ore":2,"minecraft:netherite_sword":83,"minecraft:diamond_pickaxe":29,"minecraft:apple":1,"minecraft:iron_ore":8,"minecraft:coal_ore":20,"minecraft:gold_ore":8,"minecraft:mossy_cobblestone":2,"minecraft:dirt":3,"minecraft:cobblestone":20,"minecraft:enchanted_golden_apple":9}},"DataVersion":3700}