{"stats":{"minecraft:killed":{"minecraft:sheep":4},"minecraft:broken":{"minecraft:wooden_pickaxe":1},"minecraft:used":{"minecraft:cooked_mutton":2,"minecraft:stone_sword":11,"minecraft:stone_shovel":12,"minecraft:stone_pickaxe":54,"minecraft:wooden_pickaxe":59,"minecraft:stone_axe":1,"minecraft:crafting_table":3,"minecraft:furnace":1},"minecraft:picked_up":{"minecraft:crafting_table":2,"minecraft:jungle_log":7,"minecraft:cornflower":1,"minecraft:dirt":47,"minecraft:arrow":1,"minecraft:bone":1,"minecraft:rotten_flesh":2,"minecraft:wheat_seeds":2,"minecraft:mutton":6,"minecraft:coal":35,"minecraft:white_wool":4,"minecraft:cobblestone":78},"minecraft:crafted":{"minecraft:stone_shovel":1,"minecraft:crafting_table":1,"minecraft:stick":40,"minecraft:wooden_pickaxe":1,"minecraft:stone_pickaxe":1,"minecraft:stone_sword":2,"minecraft:furnace":1,"minecraft:stone_axe":1,"minecraft:cooked_mutton":3,"minecraft:air":0,"minecraft:jungle_planks":28},"minecraft:custom":{"minecraft:time_since_rest":19114,"minecraft:interact_with_furnace":4,"minecraft:sprint_one_cm":71393,"minecraft:damage_taken":67,"minecraft:walk_one_cm":32401,"minecraft:mob_kills":4,"minecraft:damage_dealt":445,"minecraft:interact_with_crafting_table":5,"minecraft:fly_one_cm":6034,"minecraft:play_time":19114,"minecraft:jump":37,"minecraft:leave_game":10,"minecraft:time_since_death":19114,"minecraft:total_world_time":19114,"minecraft:fall_one_cm":1672},"minecraft:mined":{"minecraft:crafting_table":2,"minecraft:short_grass":1,"minecraft:grass_block":5,"minecraft:coal_ore":35,"minecraft:jungle_log":7,"minecraft:dirt":7,"minecraft:stone":78}},"DataVersion":3700}