{"stats":{"minecraft:picked_up":{"minecraft:stick":1,"minecraft:arrow":1,"minecraft:rotten_flesh":3,"minecraft:apple":1,"minecraft:string":2,"minecraft:dirt":13},"minecraft:mined":{"minecraft:short_grass":3},"minecraft:killed_by":{"minecraft:zombie":1},"minecraft:killed":{"minecraft:spider":1,"minecraft:zombie":5,"minecraft:skeleton":1},"minecraft:custom":{"minecraft:time_since_rest":54368,"minecraft:damage_absorbed":330,"minecraft:crouch_one_cm":3,"minecraft:sprint_one_cm":81697,"minecraft:play_time":61079,"minecraft:deaths":1,"minecraft:damage_taken":565,"minecraft:walk_one_cm":68353,"minecraft:sneak_time":43,"minecraft:mob_kills":7,"minecraft:jump":293,"minecraft:damage_dealt":1308,"minecraft:leave_game":3,"minecraft:time_since_death":54348,"minecraft:walk_on_water_one_cm":626,"minecraft:total_world_time":61079,"minecraft:damage_resisted":115,"minecraft:fall_one_cm":9073,"minecraft:fly_one_cm":113773},"minecraft:used":{"minecraft:gold_ore":8,"minecraft:netherite_sword":29,"minecraft:emerald_ore":2,"minecraft:iron_ore":8,"minecraft:coal_ore":18,"minecraft:enchanted_golden_apple":5}},"DataVersion":3700}