{"stats":{"minecraft:picked_up":{"minecraft:apple":1,"minecraft:dirt":13,"minecraft:stick":1},"minecraft:mined":{"minecraft:short_grass":1},"minecraft:killed_by":{"minecraft:zombie":1},"minecraft:custom":{"minecraft:jump":124,"minecraft:crouch_one_cm":3,"minecraft:time_since_rest":12368,"minecraft:walk_on_water_one_cm":626,"minecraft:play_time":19079,"minecraft:damage_taken":317,"minecraft:leave_game":3,"minecraft:sprint_one_cm":51578,"minecraft:walk_one_cm":21144,"minecraft:time_since_death":12348,"minecraft:deaths":1,"minecraft:sneak_time":19,"minecraft:total_world_time":19079,"minecraft:fall_one_cm":4102,"minecraft:fly_one_cm":44107},"minecraft:used":{"minecraft:emerald_ore":2,"minecraft:iron_ore":1,"minecraft:coal_ore":2,"minecraft:gold_ore":1}},"DataVersion":3700}