{"stats":{"minecraft:killed":{"minecraft:pig":4,"minecraft:sheep":7,"minecraft:skeleton":1,"minecraft:zombie":5,"minecraft:cow":5},"minecraft:mined":{"minecraft:crafting_table":2,"minecraft:grass_block":17,"minecraft:copper_ore":34,"minecraft:cobblestone":2,"minecraft:spruce_leaves":36,"minecraft:wall_torch":1,"minecraft:large_fern":4,"minecraft:iron_ore":28,"minecraft:acacia_wood":13,"minecraft:ice":5,"minecraft:spruce_log":66,"minecraft:andesite":22,"minecraft:coal_ore":75,"minecraft:gravel":10,"minecraft:dirt":27,"minecraft:acacia_sign":2,"minecraft:stone":455,"minecraft:fern":2},"minecraft:used":{"minecraft:emerald_ore":1,"minecraft:stone_sword":116,"minecraft:spruce_door":1,"minecraft:stone_shovel":4,"minecraft:stone_pickaxe":634,"minecraft:chest":4,"minecraft:wooden_pickaxe":10,"minecraft:torch":30,"minecraft:dirt":12,"minecraft:crafting_table":5,"minecraft:white_bed":1,"minecraft:apple":7,"minecraft:coal_ore":1,"minecraft:acacia_sign":10,"minecraft:spruce_sapling":4,"minecraft:stone_axe":93,"minecraft:cobblestone":51,"minecraft:furnace":2,"minecraft:andesite":25,"minecraft:acacia_wood":13,"minecraft:cooked_beef":9},"minecraft:custom":{"minecraft:interact_with_furnace":9,"minecraft:mob_kills":23,"minecraft:interact_with_crafting_table":15,"minecraft:leave_game":3,"minecraft:time_since_death":20034,"minecraft:sleep_in_bed":5,"minecraft:time_since_rest":20091,"minecraft:sprint_one_cm":188653,"minecraft:damage_taken":1520,"minecraft:walk_one_cm":312495,"minecraft:damage_dealt":3196,"minecraft:swim_one_cm":5053,"minecraft:fly_one_cm":44561,"minecraft:open_chest":8,"minecraft:crouch_one_cm":50,"minecraft:play_time":143340,"minecraft:deaths":2,"minecraft:sneak_time":28,"minecraft:walk_under_water_one_cm":10830,"minecraft:jump":478,"minecraft:walk_on_water_one_cm":5758,"minecraft:total_world_time":143340,"minecraft:fall_one_cm":2276},"minecraft:picked_up":{"minecraft:iron_chestplate":1,"minecraft:crafting_table":2,"minecraft:cooked_beef":7,"minecraft:andesite":38,"minecraft:leather":3,"minecraft:acacia_wood":13,"minecraft:flint":2,"minecraft:dirt":138,"minecraft:string":1,"minecraft:raw_copper":194,"minecraft:bone":4,"minecraft:spruce_planks":8,"minecraft:iron_ingot":14,"minecraft:stone_pickaxe":2,"minecraft:beef":13,"minecraft:acacia_sign":2,"minecraft:iron_ore":4,"minecraft:stick":22,"minecraft:raw_iron":33,"minecraft:torch":15,"minecraft:gravel":9,"minecraft:porkchop":7,"minecraft:spruce_sapling":17,"minecraft:spruce_log":66,"minecraft:stone_sword":4,"minecraft:stone_shovel":1,"minecraft:rotten_flesh":12,"minecraft:stone_axe":3,"minecraft:mutton":11,"minecraft:snowball":16,"minecraft:coal":138,"minecraft:white_wool":7,"minecraft:cobblestone":802},"minecraft:broken":{"minecraft:stone_pickaxe":4},"minecraft:killed_by":{"minecraft:zombie":1},"minecraft:crafted":{"minecraft:cooked_beef":13,"minecraft:stone_shovel":1,"minecraft:crafting_table":4,"minecraft:spruce_planks":184,"minecraft:wooden_pickaxe":1,"minecraft:spruce_door":3,"minecraft:furnace":2,"minecraft:stone_axe":3,"minecraft:air":0,"minecraft:iron_chestplate":1,"minecraft:acacia_sign":9,"minecraft:stick":136,"minecraft:iron_ingot":14,"minecraft:stone_pickaxe":6,"minecraft:stone_sword":4,"minecraft:chest":4,"minecraft:white_bed":1,"minecraft:acacia_planks":256,"minecraft:torch":32}},"DataVersion":3700}