{"stats":{"minecraft:killed":{"minecraft:sheep":7,"minecraft:pig":4,"minecraft:zombie":2,"minecraft:cow":5},"minecraft:mined":{"minecraft:large_fern":4,"minecraft:iron_ore":1,"minecraft:acacia_wood":13,"minecraft:ice":5,"minecraft:spruce_log":46,"minecraft:crafting_table":2,"minecraft:grass_block":15,"minecraft:gravel":3,"minecraft:dirt":24,"minecraft:copper_ore":5,"minecraft:acacia_sign":2,"minecraft:spruce_leaves":35,"minecraft:stone":101,"minecraft:fern":2},"minecraft:used":{"minecraft:emerald_ore":1,"minecraft:apple":7,"minecraft:stone_sword":75,"minecraft:spruce_door":1,"minecraft:acacia_sign":10,"minecraft:stone_pickaxe":116,"minecraft:chest":2,"minecraft:wooden_pickaxe":10,"minecraft:spruce_sapling":4,"minecraft:stone_axe":73,"minecraft:dirt":12,"minecraft:crafting_table":4,"minecraft:furnace":1,"minecraft:white_bed":1,"minecraft:acacia_wood":13,"minecraft:cooked_beef":2},"minecraft:picked_up":{"minecraft:raw_iron":1,"minecraft:crafting_table":2,"minecraft:leather":3,"minecraft:porkchop":7,"minecraft:acacia_wood":13,"minecraft:gravel":2,"minecraft:flint":1,"minecraft:spruce_sapling":7,"minecraft:spruce_log":46,"minecraft:string":1,"minecraft:dirt":85,"minecraft:raw_copper":12,"minecraft:rotten_flesh":6,"minecraft:beef":13,"minecraft:acacia_sign":2,"minecraft:iron_ore":2,"minecraft:mutton":11,"minecraft:snowball":16,"minecraft:white_wool":7,"minecraft:cobblestone":105},"minecraft:custom":{"minecraft:time_since_rest":0,"minecraft:interact_with_furnace":3,"minecraft:sprint_one_cm":106692,"minecraft:damage_taken":611,"minecraft:walk_one_cm":230041,"minecraft:mob_kills":19,"minecraft:damage_dealt":1956,"minecraft:swim_one_cm":5053,"minecraft:interact_with_crafting_table":8,"minecraft:fly_one_cm":21360,"minecraft:open_chest":1,"minecraft:crouch_one_cm":50,"minecraft:play_time":85720,"minecraft:deaths":1,"minecraft:sneak_time":27,"minecraft:walk_under_water_one_cm":10199,"minecraft:jump":256,"minecraft:leave_game":2,"minecraft:time_since_death":45575,"minecraft:walk_on_water_one_cm":250,"minecraft:sleep_in_bed":5,"minecraft:total_world_time":85720,"minecraft:fall_one_cm":1022},"minecraft:crafted":{"minecraft:cooked_beef":13,"minecraft:stone_shovel":1,"minecraft:acacia_sign":9,"minecraft:crafting_table":3,"minecraft:spruce_planks":184,"minecraft:stick":136,"minecraft:wooden_pickaxe":1,"minecraft:stone_pickaxe":4,"minecraft:stone_sword":4,"minecraft:chest":2,"minecraft:spruce_door":3,"minecraft:furnace":1,"minecraft:white_bed":1,"minecraft:acacia_planks":256,"minecraft:stone_axe":3}},"DataVersion":3700}