{"stats":{"minecraft:picked_up":{"minecraft:stick":1,"minecraft:andesite":7,"minecraft:potato":1,"minecraft:spruce_log":1,"minecraft:string":2,"minecraft:dirt":54,"minecraft:mossy_cobblestone":2,"minecraft:arrow":4,"minecraft:bone":1,"minecraft:rotten_flesh":19,"minecraft:apple":1,"minecraft:wheat_seeds":3,"minecraft:iron_ingot":1,"minecraft:coal":1,"minecraft:snowball":54,"minecraft:cobblestone":93},"minecraft:mined":{"minecraft:mossy_cobblestone":2,"minecraft:andesite":7,"minecraft:short_grass":14,"minecraft:grass_block":3,"minecraft:coal_ore":1,"minecraft:dirt":1,"minecraft:tall_grass":1,"minecraft:stone":91,"minecraft:spawner":1},"minecraft:custom":{"minecraft:time_since_rest":156057,"minecraft:sprint_one_cm":124102,"minecraft:damage_absorbed":868,"minecraft:damage_taken":1263,"minecraft:walk_one_cm":232721,"minecraft:mob_kills":36,"minecraft:damage_dealt":6723,"minecraft:fly_one_cm":148267,"minecraft:open_chest":2,"minecraft:crouch_one_cm":6184,"minecraft:play_time":162768,"minecraft:deaths":1,"minecraft:sneak_time":321,"minecraft:jump":696,"minecraft:leave_game":9,"minecraft:walk_on_water_one_cm":626,"minecraft:time_since_death":156037,"minecraft:total_world_time":162768,"minecraft:damage_resisted":324,"minecraft:fall_one_cm":16383},"minecraft:killed":{"minecraft:skeleton":4,"minecraft:zombie":30,"minecraft:spider":1},"minecraft:killed_by":{"minecraft:zombie":1},"minecraft:used":{"minecraft:emerald_ore":5,"minecraft:netherite_sword":134,"minecraft:diamond_pickaxe":107,"minecraft:apple":1,"minecraft:iron_ore":8,"minecraft:coal_ore":20,"minecraft:gold_ore":8,"minecraft:mossy_cobblestone":2,"minecraft:dirt":8,"minecraft:cobblestone":93,"minecraft:snowball":32,"minecraft:enchanted_golden_apple":12}},"DataVersion":3700}