{"stats":{"minecraft:killed":{"minecraft:pig":4,"minecraft:sheep":7,"minecraft:zombie":2,"minecraft:cow":5},"minecraft:mined":{"minecraft:crafting_table":2,"minecraft:grass_block":15,"minecraft:copper_ore":12,"minecraft:spruce_leaves":35,"minecraft:large_fern":4,"minecraft:iron_ore":1,"minecraft:ice":5,"minecraft:acacia_wood":13,"minecraft:spruce_log":46,"minecraft:coal_ore":20,"minecraft:gravel":3,"minecraft:dirt":24,"minecraft:acacia_sign":2,"minecraft:stone":186,"minecraft:fern":2},"minecraft:used":{"minecraft:emerald_ore":1,"minecraft:stone_sword":75,"minecraft:spruce_door":1,"minecraft:stone_pickaxe":228,"minecraft:chest":2,"minecraft:wooden_pickaxe":10,"minecraft:torch":2,"minecraft:dirt":12,"minecraft:crafting_table":4,"minecraft:white_bed":1,"minecraft:apple":7,"minecraft:acacia_sign":10,"minecraft:spruce_sapling":4,"minecraft:stone_axe":73,"minecraft:cobblestone":7,"minecraft:furnace":1,"minecraft:acacia_wood":13,"minecraft:cooked_beef":2},"minecraft:custom":{"minecraft:interact_with_furnace":3,"minecraft:mob_kills":19,"minecraft:interact_with_crafting_table":8,"minecraft:leave_game":2,"minecraft:time_since_death":57575,"minecraft:sleep_in_bed":5,"minecraft:time_since_rest":11803,"minecraft:sprint_one_cm":108798,"minecraft:damage_taken":611,"minecraft:walk_one_cm":245051,"minecraft:damage_dealt":1956,"minecraft:swim_one_cm":5053,"minecraft:fly_one_cm":21499,"minecraft:open_chest":1,"minecraft:crouch_one_cm":50,"minecraft:play_time":97720,"minecraft:deaths":1,"minecraft:sneak_time":27,"minecraft:walk_under_water_one_cm":10199,"minecraft:jump":275,"minecraft:walk_on_water_one_cm":4520,"minecraft:total_world_time":97720,"minecraft:fall_one_cm":1022},"minecraft:picked_up":{"minecraft:crafting_table":2,"minecraft:leather":3,"minecraft:acacia_wood":13,"minecraft:flint":1,"minecraft:dirt":85,"minecraft:string":1,"minecraft:raw_copper":31,"minecraft:acacia_sign":2,"minecraft:beef":13,"minecraft:iron_ore":2,"minecraft:raw_iron":1,"minecraft:gravel":2,"minecraft:porkchop":7,"minecraft:spruce_sapling":7,"minecraft:spruce_log":46,"minecraft:rotten_flesh":6,"minecraft:snowball":16,"minecraft:mutton":11,"minecraft:coal":20,"minecraft:white_wool":7,"minecraft:cobblestone":185},"minecraft:broken":{"minecraft:stone_pickaxe":1},"minecraft:crafted":{"minecraft:cooked_beef":13,"minecraft:stone_shovel":1,"minecraft:crafting_table":3,"minecraft:spruce_planks":184,"minecraft:wooden_pickaxe":1,"minecraft:spruce_door":3,"minecraft:furnace":1,"minecraft:stone_axe":3,"minecraft:acacia_sign":9,"minecraft:stick":136,"minecraft:stone_pickaxe":4,"minecraft:stone_sword":4,"minecraft:chest":2,"minecraft:white_bed":1,"minecraft:acacia_planks":256,"minecraft:torch":12}},"DataVersion":3700}