{"stats":{"minecraft:crafted":{"minecraft:acacia_planks":256,"minecraft:acacia_sign":9,"minecraft:crafting_table":1,"minecraft:stick":40},"minecraft:picked_up":{"minecraft:crafting_table":1,"minecraft:rotten_flesh":6,"minecraft:acacia_wood":13,"minecraft:acacia_sign":2,"minecraft:string":1},"minecraft:used":{"minecraft:stone_axe":16,"minecraft:emerald_ore":1,"minecraft:apple":7,"minecraft:stone_sword":13,"minecraft:acacia_sign":10,"minecraft:crafting_table":1,"minecraft:stone_pickaxe":5,"minecraft:acacia_wood":13},"minecraft:killed":{"minecraft:zombie":2},"minecraft:custom":{"minecraft:time_since_rest":27829,"minecraft:play_time":27829,"minecraft:sprint_one_cm":29548,"minecraft:damage_taken":351,"minecraft:walk_one_cm":38809,"minecraft:sneak_time":13,"minecraft:walk_under_water_one_cm":2746,"minecraft:mob_kills":3,"minecraft:jump":21,"minecraft:leave_game":1,"minecraft:damage_dealt":497,"minecraft:time_since_death":27829,"minecraft:walk_on_water_one_cm":124,"minecraft:total_world_time":27829,"minecraft:interact_with_crafting_table":1,"minecraft:fly_one_cm":7300},"minecraft:mined":{"minecraft:acacia_wood":13,"minecraft:ice":5,"minecraft:acacia_sign":2,"minecraft:crafting_table":1}},"DataVersion":3700}