{"stats":{"minecraft:killed_by":{"minecraft:skeleton":1},"minecraft:mined":{"minecraft:short_grass":1,"minecraft:jungle_leaves":2,"minecraft:jungle_log":1},"minecraft:custom":{"minecraft:jump":53,"minecraft:time_since_rest":1055,"minecraft:damage_taken":250,"minecraft:walk_one_cm":4058,"minecraft:damage_dealt":20,"minecraft:crouch_one_cm":25,"minecraft:leave_game":6,"minecraft:sprint_one_cm":2990,"minecraft:play_time":5414,"minecraft:time_since_death":817,"minecraft:deaths":1,"minecraft:sneak_time":57,"minecraft:total_world_time":5414,"minecraft:climb_one_cm":782,"minecraft:fall_one_cm":2566,"minecraft:fly_one_cm":11342}},"DataVersion":3700}