{"stats":{"minecraft:custom":{"minecraft:time_since_rest":16783,"minecraft:crouch_one_cm":4371,"minecraft:play_time":16783,"minecraft:sprint_one_cm":24095,"minecraft:damage_taken":10,"minecraft:walk_one_cm":17949,"minecraft:sneak_time":1033,"minecraft:drop":39,"minecraft:jump":266,"minecraft:damage_dealt":220,"minecraft:leave_game":2,"minecraft:time_since_death":16783,"minecraft:total_world_time":16783,"minecraft:fall_one_cm":5666,"minecraft:fly_one_cm":53715,"minecraft:player_kills":1},"minecraft:picked_up":{"minecraft:wheat_seeds":6,"minecraft:dirt":53,"minecraft:emerald_ore":1},"minecraft:dropped":{"minecraft:dirt":32,"minecraft:wheat_seeds":6,"minecraft:emerald_ore":1},"minecraft:mined":{"minecraft:short_grass":14,"minecraft:grass_block":10,"minecraft:dirt":8,"minecraft:tall_grass":1},"minecraft:used":{"minecraft:dirt":21}},"DataVersion":3700}