{"stats":{"minecraft:custom":{"minecraft:time_since_rest":11459,"minecraft:sprint_one_cm":54944,"minecraft:damage_taken":646,"minecraft:walk_one_cm":48126,"minecraft:mob_kills":3,"minecraft:drop":39,"minecraft:damage_dealt":686,"minecraft:interact_with_crafting_table":4,"minecraft:player_kills":1,"minecraft:fly_one_cm":114102,"minecraft:crouch_one_cm":8274,"minecraft:play_time":31848,"minecraft:deaths":2,"minecraft:sneak_time":3662,"minecraft:jump":700,"minecraft:leave_game":3,"minecraft:walk_on_water_one_cm":287,"minecraft:time_since_death":11433,"minecraft:total_world_time":31848,"minecraft:fall_one_cm":15279},"minecraft:picked_up":{"minecraft:crafting_table":1,"minecraft:leather":9,"minecraft:oak_log":5,"minecraft:dirt":99,"minecraft:wheat_seeds":7,"minecraft:beef":6,"minecraft:emerald_ore":3,"minecraft:cobblestone":74},"minecraft:killed":{"minecraft:zombie":1,"minecraft:cow":2},"minecraft:mined":{"minecraft:crafting_table":1,"minecraft:short_grass":18,"minecraft:grass_block":14,"minecraft:oak_log":5,"minecraft:dirt":22,"minecraft:tall_grass":1,"minecraft:cobblestone":6,"minecraft:stone":69,"minecraft:oak_leaves":1},"minecraft:dropped":{"minecraft:dirt":32,"minecraft:wheat_seeds":6,"minecraft:emerald_ore":1},"minecraft:killed_by":{"minecraft:zombie":2},"minecraft:used":{"minecraft:stone_pickaxe":75,"minecraft:oak_planks":3,"minecraft:wooden_pickaxe":11,"minecraft:stone_axe":3,"minecraft:dirt":48,"minecraft:cobblestone":7,"minecraft:crafting_table":1},"minecraft:crafted":{"minecraft:oak_planks":20,"minecraft:crafting_table":1,"minecraft:stick":8,"minecraft:wooden_pickaxe":1,"minecraft:stone_pickaxe":1,"minecraft:furnace":1,"minecraft:stone_axe":1}},"DataVersion":3700}