{"stats":{"minecraft:custom":{"minecraft:jump":28,"minecraft:time_since_rest":2707,"minecraft:damage_dealt":10,"minecraft:crouch_one_cm":25,"minecraft:leave_game":3,"minecraft:sprint_one_cm":1934,"minecraft:play_time":2707,"minecraft:time_since_death":2707,"minecraft:walk_one_cm":2117,"minecraft:sneak_time":57,"minecraft:total_world_time":2707,"minecraft:climb_one_cm":334,"minecraft:fall_one_cm":1521,"minecraft:fly_one_cm":4807},"minecraft:mined":{"minecraft:jungle_leaves":2,"minecraft:jungle_log":1}},"DataVersion":3700}