{"stats":{"minecraft:custom":{"minecraft:jump":52,"minecraft:time_since_rest":3609,"minecraft:damage_dealt":20,"minecraft:crouch_one_cm":25,"minecraft:leave_game":4,"minecraft:sprint_one_cm":2990,"minecraft:play_time":3609,"minecraft:time_since_death":3609,"minecraft:walk_one_cm":2347,"minecraft:sneak_time":57,"minecraft:total_world_time":3609,"minecraft:climb_one_cm":782,"minecraft:fall_one_cm":2566,"minecraft:fly_one_cm":10982},"minecraft:mined":{"minecraft:short_grass":1,"minecraft:jungle_leaves":2,"minecraft:jungle_log":1}},"DataVersion":3700}