{"stats":{"minecraft:killed_by":{"minecraft:skeleton":1},"minecraft:mined":{"minecraft:short_grass":2,"minecraft:jungle_leaves":2,"minecraft:jungle_log":1},"minecraft:custom":{"minecraft:jump":66,"minecraft:time_since_rest":4068,"minecraft:damage_taken":295,"minecraft:walk_one_cm":4912,"minecraft:damage_dealt":20,"minecraft:crouch_one_cm":25,"minecraft:leave_game":10,"minecraft:sprint_one_cm":4275,"minecraft:play_time":8427,"minecraft:time_since_death":3830,"minecraft:deaths":1,"minecraft:sneak_time":57,"minecraft:total_world_time":8427,"minecraft:climb_one_cm":862,"minecraft:fall_one_cm":3048,"minecraft:fly_one_cm":14730}},"DataVersion":3700}