{"stats":{"minecraft:dropped":{"minecraft:dirt":4,"minecraft:wheat_seeds":1},"minecraft:mined":{"minecraft:short_grass":5,"minecraft:grass_block":4,"minecraft:dirt":2},"minecraft:custom":{"minecraft:jump":57,"minecraft:time_since_rest":5983,"minecraft:damage_dealt":20,"minecraft:crouch_one_cm":3533,"minecraft:sprint_one_cm":3832,"minecraft:play_time":5983,"minecraft:damage_taken":10,"minecraft:time_since_death":5983,"minecraft:walk_one_cm":5901,"minecraft:sneak_time":730,"minecraft:total_world_time":5983,"minecraft:drop":5,"minecraft:fall_one_cm":685,"minecraft:fly_one_cm":10472},"minecraft:picked_up":{"minecraft:wheat_seeds":1,"minecraft:dirt":16},"minecraft:used":{"minecraft:dirt":9}},"DataVersion":3700}