{"stats":{"minecraft:mined":{"minecraft:sand":45,"minecraft:iron_ore":2,"minecraft:snow":2,"minecraft:blue_ice":1,"minecraft:stone":40,"minecraft:diorite":48,"minecraft:sandstone":8},"minecraft:used":{"minecraft:stone_axe":1,"minecraft:sand":32,"minecraft:coal_ore":6,"minecraft:stone_shovel":45,"minecraft:stone_pickaxe":98},"minecraft:picked_up":{"minecraft:raw_iron":2,"minecraft:sandstone":8,"minecraft:bone":2,"minecraft:rotten_flesh":4,"minecraft:sand":47,"minecraft:diorite":48,"minecraft:snowball":2,"minecraft:cobblestone":40},"minecraft:custom":{"minecraft:time_since_rest":23980,"minecraft:crouch_one_cm":582,"minecraft:play_time":23980,"minecraft:sprint_one_cm":34078,"minecraft:damage_taken":150,"minecraft:walk_one_cm":41024,"minecraft:sneak_time":69,"minecraft:walk_under_water_one_cm":627,"minecraft:jump":126,"minecraft:walk_on_water_one_cm":2472,"minecraft:time_since_death":23980,"minecraft:total_world_time":23980,"minecraft:swim_one_cm":1683,"minecraft:fly_one_cm":30445,"minecraft:fall_one_cm":1941}},"DataVersion":3700}