{"stats":{"minecraft:killed":{"minecraft:zombie_villager":1,"minecraft:skeleton":1},"minecraft:mined":{"minecraft:brown_mushroom":1,"minecraft:white_bed":1,"minecraft:spruce_door":1,"minecraft:crafting_table":4,"minecraft:grass_block":6,"minecraft:chest":1,"minecraft:copper_ore":9,"minecraft:cobblestone":1,"minecraft:spruce_leaves":41,"minecraft:sandstone":8,"minecraft:diorite":48,"minecraft:large_fern":2,"minecraft:furnace":1,"minecraft:iron_ore":2,"minecraft:snow":2,"minecraft:blue_ice":1,"minecraft:spruce_log":30,"minecraft:sand":98,"minecraft:dirt":21,"minecraft:stone":132,"minecraft:fern":2},"minecraft:used":{"minecraft:diorite":48,"minecraft:iron_ore":2,"minecraft:stone_sword":9,"minecraft:spruce_door":2,"minecraft:stone_shovel":64,"minecraft:stone_pickaxe":150,"minecraft:chest":3,"minecraft:wooden_pickaxe":52,"minecraft:sandstone":8,"minecraft:wooden_shovel":6,"minecraft:rotten_flesh":6,"minecraft:dirt":21,"minecraft:sand":50,"minecraft:crafting_table":3,"minecraft:white_bed":1,"minecraft:snowball":2,"minecraft:spruce_log":13,"minecraft:wooden_axe":9,"minecraft:coal_ore":6,"minecraft:stone_axe":23,"minecraft:cobblestone":43,"minecraft:furnace":1,"minecraft:porkchop":1},"minecraft:custom":{"minecraft:mob_kills":2,"minecraft:interact_with_crafting_table":5,"minecraft:time_since_death":22467,"minecraft:sleep_in_bed":1,"minecraft:time_since_rest":1904,"minecraft:sprint_one_cm":100693,"minecraft:damage_taken":1035,"minecraft:walk_one_cm":120409,"minecraft:damage_dealt":621,"minecraft:swim_one_cm":1683,"minecraft:fly_one_cm":244613,"minecraft:open_chest":2,"minecraft:crouch_one_cm":933,"minecraft:play_time":65919,"minecraft:deaths":4,"minecraft:sneak_time":119,"minecraft:walk_under_water_one_cm":746,"minecraft:jump":836,"minecraft:walk_on_water_one_cm":2791,"minecraft:total_world_time":65919,"minecraft:fall_one_cm":8746},"minecraft:picked_up":{"minecraft:crafting_table":4,"minecraft:brown_mushroom":1,"minecraft:dirt":27,"minecraft:raw_copper":30,"minecraft:bone":6,"minecraft:wheat_seeds":1,"minecraft:sugar_cane":7,"minecraft:chest":1,"minecraft:furnace":1,"minecraft:raw_iron":2,"minecraft:stick":3,"minecraft:sandstone":8,"minecraft:sand":99,"minecraft:spruce_sapling":2,"minecraft:diorite":48,"minecraft:white_bed":1,"minecraft:spruce_log":28,"minecraft:spruce_door":1,"minecraft:rotten_flesh":6,"minecraft:snowball":2,"minecraft:cobblestone":128},"minecraft:killed_by":{"minecraft:spider":2,"minecraft:zombie":1},"minecraft:crafted":{"minecraft:wooden_sword":1,"minecraft:wooden_shovel":1,"minecraft:wooden_pickaxe":1,"minecraft:furnace":1,"minecraft:stick":12,"minecraft:stone_pickaxe":1,"minecraft:wooden_axe":1,"minecraft:chest":2}},"DataVersion":3700}