{"stats":{"minecraft:killed":{"minecraft:zombie_villager":1,"minecraft:skeleton":1},"minecraft:mined":{"minecraft:brown_mushroom":1,"minecraft:white_bed":1,"minecraft:spruce_door":2,"minecraft:crafting_table":6,"minecraft:grass_block":17,"minecraft:chest":1,"minecraft:copper_ore":11,"minecraft:cobblestone":7,"minecraft:spruce_leaves":42,"minecraft:lapis_ore":5,"minecraft:sandstone":8,"minecraft:diorite":48,"minecraft:large_fern":3,"minecraft:furnace":2,"minecraft:iron_ore":3,"minecraft:snow":3,"minecraft:blue_ice":1,"minecraft:spruce_log":45,"minecraft:andesite":1,"minecraft:coal_ore":102,"minecraft:gravel":24,"minecraft:sand":98,"minecraft:dirt":38,"minecraft:stone":473,"minecraft:fern":2},"minecraft:used":{"minecraft:diorite":48,"minecraft:iron_ore":2,"minecraft:stone_sword":9,"minecraft:spruce_door":3,"minecraft:stone_shovel":73,"minecraft:stone_pickaxe":635,"minecraft:ladder":2,"minecraft:chest":3,"minecraft:wooden_pickaxe":52,"minecraft:sandstone":8,"minecraft:wooden_shovel":21,"minecraft:rotten_flesh":6,"minecraft:torch":8,"minecraft:dirt":57,"minecraft:sand":50,"minecraft:crafting_table":5,"minecraft:campfire":1,"minecraft:white_bed":1,"minecraft:snowball":2,"minecraft:spruce_log":13,"minecraft:wooden_axe":29,"minecraft:coal_ore":6,"minecraft:stone_axe":23,"minecraft:cobblestone":78,"minecraft:cooked_porkchop":1,"minecraft:furnace":3,"minecraft:porkchop":3},"minecraft:custom":{"minecraft:interact_with_furnace":8,"minecraft:mob_kills":2,"minecraft:interact_with_crafting_table":13,"minecraft:interact_with_campfire":4,"minecraft:time_since_death":58467,"minecraft:sleep_in_bed":1,"minecraft:climb_one_cm":864,"minecraft:time_since_rest":37904,"minecraft:sprint_one_cm":111414,"minecraft:damage_taken":1065,"minecraft:walk_one_cm":191376,"minecraft:drop":1,"minecraft:damage_dealt":621,"minecraft:swim_one_cm":1683,"minecraft:fly_one_cm":246210,"minecraft:open_chest":3,"minecraft:crouch_one_cm":1097,"minecraft:play_time":101919,"minecraft:deaths":4,"minecraft:sneak_time":135,"minecraft:walk_under_water_one_cm":746,"minecraft:jump":1005,"minecraft:walk_on_water_one_cm":2791,"minecraft:total_world_time":101919,"minecraft:fall_one_cm":9694},"minecraft:picked_up":{"minecraft:crafting_table":6,"minecraft:andesite":1,"minecraft:brown_mushroom":1,"minecraft:flint":1,"minecraft:lapis_lazuli":33,"minecraft:dirt":73,"minecraft:raw_copper":37,"minecraft:bone":6,"minecraft:wheat_seeds":1,"minecraft:sugar_cane":7,"minecraft:chest":1,"minecraft:furnace":2,"minecraft:raw_iron":3,"minecraft:stick":3,"minecraft:sandstone":8,"minecraft:cooked_porkchop":1,"minecraft:torch":1,"minecraft:gravel":23,"minecraft:sand":99,"minecraft:spruce_sapling":4,"minecraft:diorite":48,"minecraft:white_bed":1,"minecraft:spruce_log":43,"minecraft:spruce_door":2,"minecraft:rotten_flesh":6,"minecraft:coal":102,"minecraft:snowball":16,"minecraft:cobblestone":480},"minecraft:broken":{"minecraft:stone_pickaxe":4},"minecraft:killed_by":{"minecraft:spider":2,"minecraft:zombie":1},"minecraft:dropped":{"minecraft:spruce_sapling":2},"minecraft:crafted":{"minecraft:wooden_sword":1,"minecraft:wooden_shovel":1,"minecraft:stone_shovel":1,"minecraft:wooden_pickaxe":1,"minecraft:furnace":2,"minecraft:copper_ingot":1,"minecraft:campfire":1,"minecraft:stone_axe":1,"minecraft:raw_copper_block":3,"minecraft:raw_copper":27,"minecraft:ladder":3,"minecraft:stick":12,"minecraft:stone_pickaxe":6,"minecraft:wooden_axe":1,"minecraft:stone_sword":1,"minecraft:chest":2,"minecraft:torch":6}},"DataVersion":3700}