{"stats":{"minecraft:killed":{"minecraft:skeleton":1,"minecraft:zombie_villager":1},"minecraft:mined":{"minecraft:large_fern":2,"minecraft:white_bed":1,"minecraft:brown_mushroom":1,"minecraft:iron_ore":2,"minecraft:snow":2,"minecraft:blue_ice":1,"minecraft:spruce_log":20,"minecraft:spruce_door":1,"minecraft:crafting_table":1,"minecraft:grass_block":4,"minecraft:sand":98,"minecraft:dirt":17,"minecraft:cobblestone":1,"minecraft:spruce_leaves":41,"minecraft:stone":40,"minecraft:diorite":48,"minecraft:sandstone":8,"minecraft:fern":2},"minecraft:used":{"minecraft:diorite":48,"minecraft:stone_sword":9,"minecraft:iron_ore":2,"minecraft:coal_ore":6,"minecraft:stone_pickaxe":100,"minecraft:stone_shovel":64,"minecraft:sandstone":8,"minecraft:rotten_flesh":6,"minecraft:stone_axe":23,"minecraft:dirt":21,"minecraft:sand":50,"minecraft:cobblestone":41,"minecraft:snowball":2,"minecraft:spruce_log":13},"minecraft:picked_up":{"minecraft:crafting_table":1,"minecraft:stick":3,"minecraft:raw_iron":2,"minecraft:sandstone":8,"minecraft:brown_mushroom":1,"minecraft:sand":99,"minecraft:spruce_sapling":2,"minecraft:diorite":48,"minecraft:spruce_log":18,"minecraft:spruce_door":1,"minecraft:dirt":21,"minecraft:bone":6,"minecraft:rotten_flesh":6,"minecraft:wheat_seeds":1,"minecraft:sugar_cane":7,"minecraft:snowball":2,"minecraft:cobblestone":41},"minecraft:custom":{"minecraft:time_since_rest":10487,"minecraft:sprint_one_cm":92830,"minecraft:damage_taken":1035,"minecraft:walk_one_cm":98421,"minecraft:mob_kills":2,"minecraft:damage_dealt":621,"minecraft:swim_one_cm":1683,"minecraft:fly_one_cm":241637,"minecraft:crouch_one_cm":693,"minecraft:play_time":53919,"minecraft:deaths":4,"minecraft:sneak_time":92,"minecraft:walk_under_water_one_cm":746,"minecraft:jump":815,"minecraft:time_since_death":10467,"minecraft:walk_on_water_one_cm":2791,"minecraft:total_world_time":53919,"minecraft:fall_one_cm":8746},"minecraft:killed_by":{"minecraft:spider":2,"minecraft:zombie":1}},"DataVersion":3700}