{"stats":{"minecraft:killed":{"minecraft:zombie_villager":1},"minecraft:mined":{"minecraft:large_fern":2,"minecraft:brown_mushroom":1,"minecraft:iron_ore":2,"minecraft:snow":2,"minecraft:blue_ice":1,"minecraft:spruce_log":18,"minecraft:grass_block":4,"minecraft:sand":46,"minecraft:dirt":17,"minecraft:cobblestone":1,"minecraft:spruce_leaves":40,"minecraft:stone":40,"minecraft:diorite":48,"minecraft:sandstone":8,"minecraft:fern":2},"minecraft:used":{"minecraft:diorite":48,"minecraft:stone_sword":8,"minecraft:iron_ore":2,"minecraft:coal_ore":6,"minecraft:stone_pickaxe":100,"minecraft:stone_shovel":64,"minecraft:sandstone":8,"minecraft:rotten_flesh":4,"minecraft:stone_axe":21,"minecraft:dirt":21,"minecraft:sand":48,"minecraft:cobblestone":41,"minecraft:spruce_log":10},"minecraft:picked_up":{"minecraft:stick":3,"minecraft:raw_iron":2,"minecraft:sandstone":8,"minecraft:brown_mushroom":1,"minecraft:sand":48,"minecraft:spruce_sapling":2,"minecraft:diorite":48,"minecraft:spruce_log":17,"minecraft:dirt":21,"minecraft:bone":2,"minecraft:rotten_flesh":6,"minecraft:wheat_seeds":1,"minecraft:sugar_cane":7,"minecraft:snowball":2,"minecraft:cobblestone":41},"minecraft:custom":{"minecraft:time_since_rest":35980,"minecraft:sprint_one_cm":61518,"minecraft:damage_taken":240,"minecraft:walk_one_cm":70743,"minecraft:mob_kills":1,"minecraft:damage_dealt":158,"minecraft:swim_one_cm":1683,"minecraft:fly_one_cm":65628,"minecraft:crouch_one_cm":615,"minecraft:play_time":35980,"minecraft:sneak_time":81,"minecraft:walk_under_water_one_cm":627,"minecraft:jump":301,"minecraft:time_since_death":35980,"minecraft:walk_on_water_one_cm":2472,"minecraft:total_world_time":35980,"minecraft:fall_one_cm":4447}},"DataVersion":3700}