{"stats":{"minecraft:killed":{"minecraft:zombie_villager":1,"minecraft:skeleton":1},"minecraft:mined":{"minecraft:brown_mushroom":1,"minecraft:white_bed":1,"minecraft:spruce_door":2,"minecraft:crafting_table":5,"minecraft:grass_block":17,"minecraft:chest":1,"minecraft:copper_ore":9,"minecraft:cobblestone":5,"minecraft:spruce_leaves":42,"minecraft:sandstone":8,"minecraft:diorite":48,"minecraft:large_fern":3,"minecraft:furnace":1,"minecraft:iron_ore":3,"minecraft:snow":3,"minecraft:blue_ice":1,"minecraft:spruce_log":45,"minecraft:sand":98,"minecraft:dirt":29,"minecraft:stone":233,"minecraft:fern":2},"minecraft:used":{"minecraft:diorite":48,"minecraft:iron_ore":2,"minecraft:stone_sword":9,"minecraft:spruce_door":3,"minecraft:stone_shovel":64,"minecraft:stone_pickaxe":257,"minecraft:ladder":2,"minecraft:chest":3,"minecraft:wooden_pickaxe":52,"minecraft:sandstone":8,"minecraft:wooden_shovel":21,"minecraft:rotten_flesh":6,"minecraft:dirt":43,"minecraft:sand":50,"minecraft:crafting_table":4,"minecraft:white_bed":1,"minecraft:snowball":2,"minecraft:spruce_log":13,"minecraft:wooden_axe":29,"minecraft:coal_ore":6,"minecraft:stone_axe":23,"minecraft:cobblestone":55,"minecraft:furnace":2,"minecraft:porkchop":1},"minecraft:custom":{"minecraft:interact_with_furnace":4,"minecraft:mob_kills":2,"minecraft:interact_with_crafting_table":9,"minecraft:time_since_death":34467,"minecraft:sleep_in_bed":1,"minecraft:climb_one_cm":328,"minecraft:time_since_rest":13904,"minecraft:sprint_one_cm":108917,"minecraft:damage_taken":1065,"minecraft:walk_one_cm":146398,"minecraft:damage_dealt":621,"minecraft:swim_one_cm":1683,"minecraft:fly_one_cm":245797,"minecraft:open_chest":2,"minecraft:crouch_one_cm":1097,"minecraft:play_time":77919,"minecraft:deaths":4,"minecraft:sneak_time":135,"minecraft:walk_under_water_one_cm":746,"minecraft:jump":890,"minecraft:walk_on_water_one_cm":2791,"minecraft:total_world_time":77919,"minecraft:fall_one_cm":9694},"minecraft:picked_up":{"minecraft:crafting_table":5,"minecraft:brown_mushroom":1,"minecraft:dirt":64,"minecraft:raw_copper":30,"minecraft:bone":6,"minecraft:wheat_seeds":1,"minecraft:sugar_cane":7,"minecraft:chest":1,"minecraft:furnace":1,"minecraft:raw_iron":3,"minecraft:stick":3,"minecraft:sandstone":8,"minecraft:sand":99,"minecraft:spruce_sapling":2,"minecraft:diorite":48,"minecraft:white_bed":1,"minecraft:spruce_log":43,"minecraft:spruce_door":2,"minecraft:rotten_flesh":6,"minecraft:snowball":16,"minecraft:cobblestone":233},"minecraft:broken":{"minecraft:stone_pickaxe":1},"minecraft:killed_by":{"minecraft:spider":2,"minecraft:zombie":1},"minecraft:crafted":{"minecraft:wooden_sword":1,"minecraft:wooden_shovel":1,"minecraft:stone_shovel":1,"minecraft:wooden_pickaxe":1,"minecraft:furnace":1,"minecraft:copper_ingot":1,"minecraft:stone_axe":1,"minecraft:raw_copper_block":3,"minecraft:raw_copper":27,"minecraft:ladder":3,"minecraft:stick":12,"minecraft:stone_pickaxe":2,"minecraft:wooden_axe":1,"minecraft:stone_sword":1,"minecraft:chest":2}},"DataVersion":3700}