{"stats":{"minecraft:mined":{"minecraft:snow":2,"minecraft:stone":2,"minecraft:sandstone":4,"minecraft:sand":30},"minecraft:used":{"minecraft:stone_shovel":30,"minecraft:sand":4,"minecraft:coal_ore":4,"minecraft:stone_pickaxe":6},"minecraft:picked_up":{"minecraft:sand":30,"minecraft:sandstone":4,"minecraft:snowball":2,"minecraft:cobblestone":2},"minecraft:custom":{"minecraft:jump":31,"minecraft:time_since_rest":11980,"minecraft:crouch_one_cm":467,"minecraft:sprint_one_cm":10790,"minecraft:play_time":11980,"minecraft:time_since_death":11980,"minecraft:walk_one_cm":16011,"minecraft:sneak_time":57,"minecraft:total_world_time":11980,"minecraft:fall_one_cm":267,"minecraft:fly_one_cm":4797}},"DataVersion":3700}