{"stats":{"minecraft:killed":{"minecraft:zombie_villager":1,"minecraft:skeleton":1},"minecraft:mined":{"minecraft:brown_mushroom":1,"minecraft:white_bed":1,"minecraft:spruce_door":2,"minecraft:crafting_table":5,"minecraft:grass_block":17,"minecraft:chest":1,"minecraft:copper_ore":11,"minecraft:cobblestone":6,"minecraft:spruce_leaves":42,"minecraft:lapis_ore":5,"minecraft:sandstone":8,"minecraft:diorite":48,"minecraft:large_fern":3,"minecraft:furnace":1,"minecraft:iron_ore":3,"minecraft:snow":3,"minecraft:blue_ice":1,"minecraft:spruce_log":45,"minecraft:andesite":1,"minecraft:coal_ore":21,"minecraft:sand":98,"minecraft:dirt":29,"minecraft:stone":359,"minecraft:fern":2},"minecraft:used":{"minecraft:diorite":48,"minecraft:iron_ore":2,"minecraft:stone_sword":9,"minecraft:spruce_door":3,"minecraft:stone_shovel":64,"minecraft:stone_pickaxe":413,"minecraft:ladder":2,"minecraft:chest":3,"minecraft:wooden_pickaxe":52,"minecraft:sandstone":8,"minecraft:wooden_shovel":21,"minecraft:rotten_flesh":6,"minecraft:torch":1,"minecraft:dirt":56,"minecraft:sand":50,"minecraft:crafting_table":4,"minecraft:campfire":1,"minecraft:white_bed":1,"minecraft:snowball":2,"minecraft:spruce_log":13,"minecraft:wooden_axe":29,"minecraft:coal_ore":6,"minecraft:stone_axe":23,"minecraft:cobblestone":72,"minecraft:furnace":2,"minecraft:porkchop":3},"minecraft:custom":{"minecraft:interact_with_furnace":7,"minecraft:mob_kills":2,"minecraft:interact_with_crafting_table":11,"minecraft:interact_with_campfire":4,"minecraft:time_since_death":46467,"minecraft:sleep_in_bed":1,"minecraft:climb_one_cm":864,"minecraft:time_since_rest":25904,"minecraft:sprint_one_cm":111358,"minecraft:damage_taken":1065,"minecraft:walk_one_cm":173118,"minecraft:damage_dealt":621,"minecraft:swim_one_cm":1683,"minecraft:fly_one_cm":246210,"minecraft:open_chest":3,"minecraft:crouch_one_cm":1097,"minecraft:play_time":89919,"minecraft:deaths":4,"minecraft:sneak_time":135,"minecraft:walk_under_water_one_cm":746,"minecraft:jump":997,"minecraft:walk_on_water_one_cm":2791,"minecraft:total_world_time":89919,"minecraft:fall_one_cm":9694},"minecraft:picked_up":{"minecraft:crafting_table":5,"minecraft:andesite":1,"minecraft:brown_mushroom":1,"minecraft:lapis_lazuli":33,"minecraft:dirt":64,"minecraft:raw_copper":37,"minecraft:bone":6,"minecraft:wheat_seeds":1,"minecraft:sugar_cane":7,"minecraft:chest":1,"minecraft:furnace":1,"minecraft:raw_iron":3,"minecraft:stick":3,"minecraft:sandstone":8,"minecraft:cooked_porkchop":1,"minecraft:sand":99,"minecraft:spruce_sapling":2,"minecraft:diorite":48,"minecraft:white_bed":1,"minecraft:spruce_log":43,"minecraft:spruce_door":2,"minecraft:rotten_flesh":6,"minecraft:coal":21,"minecraft:snowball":16,"minecraft:cobblestone":365},"minecraft:broken":{"minecraft:stone_pickaxe":2},"minecraft:killed_by":{"minecraft:spider":2,"minecraft:zombie":1},"minecraft:crafted":{"minecraft:wooden_sword":1,"minecraft:wooden_shovel":1,"minecraft:stone_shovel":1,"minecraft:wooden_pickaxe":1,"minecraft:furnace":1,"minecraft:copper_ingot":1,"minecraft:campfire":1,"minecraft:stone_axe":1,"minecraft:raw_copper_block":3,"minecraft:raw_copper":27,"minecraft:ladder":3,"minecraft:stick":12,"minecraft:stone_pickaxe":4,"minecraft:wooden_axe":1,"minecraft:stone_sword":1,"minecraft:chest":2,"minecraft:torch":6}},"DataVersion":3700}