{"stats":{"minecraft:killed":{"minecraft:zombie_villager":1,"minecraft:skeleton":4},"minecraft:mined":{"minecraft:tuff":18,"minecraft:brown_mushroom":1,"minecraft:white_bed":1,"minecraft:spruce_door":2,"minecraft:crafting_table":7,"minecraft:glow_lichen":1,"minecraft:torch":1,"minecraft:granite":25,"minecraft:grass_block":22,"minecraft:chest":1,"minecraft:copper_ore":11,"minecraft:cobblestone":10,"minecraft:spruce_leaves":42,"minecraft:lapis_ore":5,"minecraft:sandstone":8,"minecraft:diorite":53,"minecraft:wall_torch":18,"minecraft:large_fern":3,"minecraft:furnace":2,"minecraft:iron_ore":3,"minecraft:snow":3,"minecraft:blue_ice":1,"minecraft:spruce_log":45,"minecraft:andesite":7,"minecraft:coal_ore":102,"minecraft:deepslate_iron_ore":1,"minecraft:gravel":34,"minecraft:sand":98,"minecraft:dirt":57,"minecraft:stone":645,"minecraft:deepslate":74,"minecraft:fern":2},"minecraft:used":{"minecraft:cooked_mutton":1,"minecraft:diorite":48,"minecraft:iron_ore":2,"minecraft:stone_sword":57,"minecraft:spruce_door":3,"minecraft:stone_shovel":106,"minecraft:stone_pickaxe":950,"minecraft:ladder":2,"minecraft:chest":3,"minecraft:wooden_pickaxe":52,"minecraft:sandstone":8,"minecraft:wooden_shovel":21,"minecraft:rotten_flesh":6,"minecraft:torch":36,"minecraft:dirt":80,"minecraft:sand":50,"minecraft:crafting_table":7,"minecraft:campfire":1,"minecraft:white_bed":1,"minecraft:tuff":16,"minecraft:snowball":2,"minecraft:spruce_log":13,"minecraft:wooden_axe":29,"minecraft:coal_ore":6,"minecraft:spruce_sapling":2,"minecraft:stone_axe":23,"minecraft:cobblestone":125,"minecraft:cooked_porkchop":1,"minecraft:furnace":4,"minecraft:porkchop":3},"minecraft:custom":{"minecraft:interact_with_furnace":14,"minecraft:mob_kills":5,"minecraft:interact_with_crafting_table":18,"minecraft:interact_with_campfire":4,"minecraft:time_since_death":169,"minecraft:sleep_in_bed":1,"minecraft:climb_one_cm":1088,"minecraft:time_since_rest":243,"minecraft:sprint_one_cm":155441,"minecraft:damage_taken":1640,"minecraft:walk_one_cm":260919,"minecraft:drop":2,"minecraft:damage_dealt":1125,"minecraft:swim_one_cm":1683,"minecraft:fly_one_cm":271090,"minecraft:open_chest":4,"minecraft:crouch_one_cm":1395,"minecraft:play_time":137919,"minecraft:deaths":6,"minecraft:sneak_time":170,"minecraft:walk_under_water_one_cm":746,"minecraft:jump":1201,"minecraft:walk_on_water_one_cm":2791,"minecraft:total_world_time":137919,"minecraft:fall_one_cm":14741},"minecraft:picked_up":{"minecraft:crafting_table":7,"minecraft:ladder":1,"minecraft:andesite":7,"minecraft:brown_mushroom":1,"minecraft:flint":1,"minecraft:tuff":18,"minecraft:lapis_lazuli":33,"minecraft:dirt":97,"minecraft:raw_copper":37,"minecraft:bone":8,"minecraft:wheat_seeds":1,"minecraft:cobbled_deepslate":74,"minecraft:sugar_cane":7,"minecraft:chest":1,"minecraft:furnace":2,"minecraft:raw_iron":4,"minecraft:stick":3,"minecraft:sandstone":8,"minecraft:cooked_porkchop":1,"minecraft:torch":21,"minecraft:gravel":33,"minecraft:sand":99,"minecraft:spruce_sapling":4,"minecraft:diorite":53,"minecraft:white_bed":1,"minecraft:spruce_log":43,"minecraft:spruce_door":2,"minecraft:rotten_flesh":6,"minecraft:granite":25,"minecraft:coal":102,"minecraft:snowball":16,"minecraft:cobblestone":655},"minecraft:broken":{"minecraft:stone_pickaxe":6},"minecraft:killed_by":{"minecraft:skeleton":1,"minecraft:spider":2,"minecraft:zombie":1},"minecraft:dropped":{"minecraft:ladder":1,"minecraft:spruce_sapling":2},"minecraft:crafted":{"minecraft:coal_block":3,"minecraft:wooden_sword":1,"minecraft:wooden_shovel":1,"minecraft:stone_shovel":1,"minecraft:wooden_pickaxe":1,"minecraft:furnace":2,"minecraft:copper_ingot":14,"minecraft:campfire":1,"minecraft:stone_axe":1,"minecraft:raw_copper_block":3,"minecraft:cooked_mutton":1,"minecraft:raw_copper":27,"minecraft:ladder":3,"minecraft:stick":12,"minecraft:stone_pickaxe":7,"minecraft:wooden_axe":1,"minecraft:stone_sword":1,"minecraft:chest":2,"minecraft:torch":14}},"DataVersion":3700}