{"stats":{"minecraft:killed":{"minecraft:skeleton":2,"minecraft:sheep":6,"minecraft:zombie":2,"minecraft:pig":9,"minecraft:chicken":4,"minecraft:spider":3,"minecraft:rabbit":4,"minecraft:creeper":1,"minecraft:cow":4},"minecraft:mined":{"minecraft:white_bed":1,"minecraft:furnace":1,"minecraft:iron_ore":2,"minecraft:spruce_log":21,"minecraft:crafting_table":3,"minecraft:short_grass":4,"minecraft:grass_block":3,"minecraft:coal_ore":53,"minecraft:dirt":1,"minecraft:packed_ice":5,"minecraft:spruce_leaves":11,"minecraft:stone":52},"minecraft:used":{"minecraft:stone_sword":97,"minecraft:stone_shovel":7,"minecraft:stone_pickaxe":108,"minecraft:spruce_sapling":8,"minecraft:cooked_chicken":3,"minecraft:stone_axe":37,"minecraft:dirt":4,"minecraft:cobblestone":22,"minecraft:crafting_table":3,"minecraft:cooked_porkchop":6,"minecraft:furnace":1,"minecraft:cooked_rabbit":2,"minecraft:white_bed":1},"minecraft:picked_up":{"minecraft:raw_iron":2,"minecraft:stick":2,"minecraft:crafting_table":3,"minecraft:feather":4,"minecraft:chicken":4,"minecraft:leather":5,"minecraft:porkchop":18,"minecraft:spruce_sapling":8,"minecraft:gunpowder":2,"minecraft:white_bed":1,"minecraft:spruce_log":23,"minecraft:string":1,"minecraft:spider_eye":1,"minecraft:dirt":4,"minecraft:rabbit_foot":1,"minecraft:bone":2,"minecraft:arrow":1,"minecraft:wheat_seeds":2,"minecraft:rabbit_hide":2,"minecraft:beef":7,"minecraft:gray_wool":1,"minecraft:rabbit":4,"minecraft:mutton":9,"minecraft:coal":82,"minecraft:white_wool":5,"minecraft:cobblestone":52,"minecraft:furnace":1},"minecraft:custom":{"minecraft:time_since_rest":65823,"minecraft:interact_with_furnace":8,"minecraft:sprint_one_cm":134140,"minecraft:damage_taken":563,"minecraft:walk_one_cm":191060,"minecraft:mob_kills":36,"minecraft:drop":2,"minecraft:damage_dealt":3714,"minecraft:swim_one_cm":6302,"minecraft:interact_with_crafting_table":4,"minecraft:fly_one_cm":234541,"minecraft:crouch_one_cm":1155,"minecraft:play_time":100738,"minecraft:sneak_time":473,"minecraft:walk_under_water_one_cm":3610,"minecraft:jump":1070,"minecraft:leave_game":3,"minecraft:walk_on_water_one_cm":8774,"minecraft:time_since_death":100738,"minecraft:sleep_in_bed":2,"minecraft:total_world_time":100738,"minecraft:fall_one_cm":18413},"minecraft:dropped":{"minecraft:wheat_seeds":2},"minecraft:crafted":{"minecraft:cooked_porkchop":7,"minecraft:crafting_table":1,"minecraft:spruce_planks":52,"minecraft:stick":4,"minecraft:cooked_chicken":3,"minecraft:furnace":1,"minecraft:white_bed":1,"minecraft:torch":4,"minecraft:cooked_rabbit":2,"minecraft:air":0}},"DataVersion":3700}