{"stats":{"minecraft:killed":{"minecraft:sheep":4,"minecraft:zombie":1,"minecraft:pig":3,"minecraft:chicken":4,"minecraft:rabbit":4,"minecraft:cow":2},"minecraft:mined":{"minecraft:white_bed":1,"minecraft:furnace":1,"minecraft:spruce_log":21,"minecraft:crafting_table":3,"minecraft:short_grass":2,"minecraft:grass_block":3,"minecraft:coal_ore":39,"minecraft:dirt":1,"minecraft:packed_ice":5,"minecraft:spruce_leaves":11,"minecraft:stone":34},"minecraft:used":{"minecraft:stone_sword":41,"minecraft:stone_shovel":7,"minecraft:stone_pickaxe":74,"minecraft:spruce_sapling":8,"minecraft:cooked_chicken":3,"minecraft:stone_axe":34,"minecraft:dirt":4,"minecraft:cobblestone":1,"minecraft:crafting_table":3,"minecraft:cooked_porkchop":3,"minecraft:furnace":1,"minecraft:cooked_rabbit":2,"minecraft:white_bed":1},"minecraft:picked_up":{"minecraft:stick":1,"minecraft:crafting_table":3,"minecraft:feather":4,"minecraft:chicken":4,"minecraft:leather":3,"minecraft:porkchop":7,"minecraft:spruce_sapling":8,"minecraft:white_bed":1,"minecraft:spruce_log":21,"minecraft:dirt":4,"minecraft:rabbit_foot":1,"minecraft:wheat_seeds":1,"minecraft:rabbit_hide":2,"minecraft:beef":3,"minecraft:rabbit":4,"minecraft:mutton":6,"minecraft:coal":68,"minecraft:white_wool":4,"minecraft:cobblestone":34,"minecraft:furnace":1},"minecraft:custom":{"minecraft:time_since_rest":48493,"minecraft:interact_with_furnace":8,"minecraft:sprint_one_cm":99240,"minecraft:damage_taken":318,"minecraft:walk_one_cm":141580,"minecraft:mob_kills":18,"minecraft:drop":1,"minecraft:damage_dealt":1288,"minecraft:interact_with_crafting_table":4,"minecraft:fly_one_cm":183929,"minecraft:crouch_one_cm":513,"minecraft:play_time":83408,"minecraft:sneak_time":226,"minecraft:jump":811,"minecraft:leave_game":2,"minecraft:walk_on_water_one_cm":748,"minecraft:time_since_death":83408,"minecraft:sleep_in_bed":2,"minecraft:total_world_time":83408,"minecraft:fall_one_cm":13779},"minecraft:dropped":{"minecraft:wheat_seeds":1},"minecraft:crafted":{"minecraft:cooked_porkchop":7,"minecraft:crafting_table":1,"minecraft:spruce_planks":52,"minecraft:stick":4,"minecraft:cooked_chicken":3,"minecraft:furnace":1,"minecraft:white_bed":1,"minecraft:torch":4,"minecraft:cooked_rabbit":2,"minecraft:air":0}},"DataVersion":3700}