{"stats":{"minecraft:used":{"minecraft:wooden_axe":24,"minecraft:crafting_table":2,"minecraft:jungle_log":1,"minecraft:wooden_pickaxe":7},"minecraft:picked_up":{"minecraft:crafting_table":2,"minecraft:jungle_log":16,"minecraft:leather":3,"minecraft:beef":8,"minecraft:cobblestone":7},"minecraft:crafted":{"minecraft:crafting_table":1,"minecraft:stick":4,"minecraft:wooden_pickaxe":1,"minecraft:jungle_planks":60,"minecraft:wooden_axe":1},"minecraft:killed":{"minecraft:cow":4},"minecraft:mined":{"minecraft:short_grass":2,"minecraft:vine":3,"minecraft:jungle_log":16,"minecraft:stone":7,"minecraft:oak_leaves":1,"minecraft:crafting_table":2},"minecraft:custom":{"minecraft:time_since_rest":5990,"minecraft:play_time":5990,"minecraft:sprint_one_cm":6310,"minecraft:walk_one_cm":17378,"minecraft:mob_kills":4,"minecraft:jump":59,"minecraft:damage_dealt":390,"minecraft:time_since_death":5990,"minecraft:total_world_time":5990,"minecraft:climb_one_cm":461,"minecraft:fall_one_cm":1045,"minecraft:interact_with_crafting_table":3,"minecraft:fly_one_cm":9389}},"DataVersion":3700}