{"stats":{"minecraft:mined":{"minecraft:spruce_log":5,"minecraft:spruce_leaves":5},"minecraft:used":{"minecraft:stone_axe":10,"minecraft:spruce_sapling":1},"minecraft:picked_up":{"minecraft:stick":1,"minecraft:spruce_sapling":1,"minecraft:spruce_log":5},"minecraft:custom":{"minecraft:jump":85,"minecraft:time_since_rest":5991,"minecraft:crouch_one_cm":80,"minecraft:sprint_one_cm":6653,"minecraft:play_time":5991,"minecraft:damage_taken":20,"minecraft:time_since_death":5991,"minecraft:walk_one_cm":18359,"minecraft:sneak_time":36,"minecraft:total_world_time":5991,"minecraft:fall_one_cm":693,"minecraft:fly_one_cm":16191},"minecraft:crafted":{"minecraft:spruce_planks":20}},"DataVersion":3700}