{"stats":{"minecraft:killed":{"minecraft:sheep":4,"minecraft:zombie":1,"minecraft:pig":3,"minecraft:chicken":4,"minecraft:rabbit":2,"minecraft:cow":2},"minecraft:mined":{"minecraft:white_bed":1,"minecraft:furnace":1,"minecraft:spruce_log":21,"minecraft:crafting_table":3,"minecraft:grass_block":1,"minecraft:coal_ore":31,"minecraft:dirt":1,"minecraft:packed_ice":5,"minecraft:spruce_leaves":11,"minecraft:stone":27},"minecraft:used":{"minecraft:stone_sword":35,"minecraft:stone_shovel":7,"minecraft:stone_pickaxe":59,"minecraft:spruce_sapling":8,"minecraft:cooked_chicken":3,"minecraft:stone_axe":34,"minecraft:dirt":1,"minecraft:cobblestone":1,"minecraft:crafting_table":3,"minecraft:cooked_porkchop":2,"minecraft:furnace":1,"minecraft:cooked_rabbit":2,"minecraft:white_bed":1},"minecraft:picked_up":{"minecraft:stick":1,"minecraft:crafting_table":3,"minecraft:feather":4,"minecraft:chicken":4,"minecraft:leather":3,"minecraft:porkchop":7,"minecraft:spruce_sapling":8,"minecraft:white_bed":1,"minecraft:spruce_log":21,"minecraft:dirt":2,"minecraft:rabbit_foot":1,"minecraft:rabbit_hide":1,"minecraft:beef":3,"minecraft:rabbit":2,"minecraft:mutton":6,"minecraft:coal":60,"minecraft:white_wool":4,"minecraft:cobblestone":27,"minecraft:furnace":1},"minecraft:custom":{"minecraft:time_since_rest":24493,"minecraft:interact_with_furnace":8,"minecraft:sprint_one_cm":71955,"minecraft:damage_taken":318,"minecraft:walk_one_cm":133420,"minecraft:mob_kills":16,"minecraft:damage_dealt":1228,"minecraft:interact_with_crafting_table":4,"minecraft:fly_one_cm":122788,"minecraft:crouch_one_cm":513,"minecraft:play_time":59408,"minecraft:sneak_time":226,"minecraft:jump":612,"minecraft:leave_game":2,"minecraft:walk_on_water_one_cm":748,"minecraft:time_since_death":59408,"minecraft:sleep_in_bed":2,"minecraft:total_world_time":59408,"minecraft:fall_one_cm":8587},"minecraft:crafted":{"minecraft:cooked_porkchop":7,"minecraft:crafting_table":1,"minecraft:spruce_planks":52,"minecraft:stick":4,"minecraft:cooked_chicken":3,"minecraft:furnace":1,"minecraft:white_bed":1,"minecraft:torch":4,"minecraft:cooked_rabbit":2,"minecraft:air":0}},"DataVersion":3700}