{"stats":{"minecraft:killed":{"minecraft:pig":3,"minecraft:chicken":3,"minecraft:rabbit":2},"minecraft:mined":{"minecraft:furnace":1,"minecraft:spruce_log":13,"minecraft:crafting_table":2,"minecraft:coal_ore":31,"minecraft:spruce_leaves":6,"minecraft:stone":26},"minecraft:used":{"minecraft:stone_sword":12,"minecraft:stone_pickaxe":58,"minecraft:spruce_sapling":2,"minecraft:cooked_chicken":2,"minecraft:stone_axe":20,"minecraft:crafting_table":2,"minecraft:furnace":1},"minecraft:picked_up":{"minecraft:stick":1,"minecraft:crafting_table":2,"minecraft:feather":2,"minecraft:chicken":3,"minecraft:porkchop":7,"minecraft:spruce_sapling":2,"minecraft:spruce_log":13,"minecraft:rabbit_foot":1,"minecraft:rabbit_hide":1,"minecraft:rabbit":2,"minecraft:coal":60,"minecraft:cobblestone":26,"minecraft:furnace":1},"minecraft:custom":{"minecraft:time_since_rest":16667,"minecraft:interact_with_furnace":8,"minecraft:sprint_one_cm":19180,"minecraft:damage_taken":40,"minecraft:walk_one_cm":60364,"minecraft:mob_kills":8,"minecraft:damage_dealt":480,"minecraft:interact_with_crafting_table":2,"minecraft:fly_one_cm":39843,"minecraft:crouch_one_cm":80,"minecraft:play_time":16667,"minecraft:sneak_time":36,"minecraft:jump":267,"minecraft:leave_game":1,"minecraft:time_since_death":16667,"minecraft:total_world_time":16667,"minecraft:fall_one_cm":2375},"minecraft:crafted":{"minecraft:cooked_porkchop":7,"minecraft:crafting_table":1,"minecraft:stick":4,"minecraft:spruce_planks":52,"minecraft:cooked_chicken":3,"minecraft:furnace":1,"minecraft:cooked_rabbit":2,"minecraft:air":0}},"DataVersion":3700}