{"stats":{"minecraft:killed":{"minecraft:sheep":4,"minecraft:pig":3,"minecraft:chicken":3,"minecraft:rabbit":2,"minecraft:cow":2},"minecraft:mined":{"minecraft:furnace":1,"minecraft:spruce_log":21,"minecraft:crafting_table":2,"minecraft:coal_ore":31,"minecraft:packed_ice":5,"minecraft:spruce_leaves":11,"minecraft:stone":26},"minecraft:used":{"minecraft:stone_sword":25,"minecraft:stone_shovel":5,"minecraft:stone_pickaxe":58,"minecraft:spruce_sapling":8,"minecraft:cooked_chicken":2,"minecraft:stone_axe":32,"minecraft:crafting_table":3,"minecraft:furnace":1,"minecraft:white_bed":1},"minecraft:picked_up":{"minecraft:stick":1,"minecraft:crafting_table":2,"minecraft:feather":2,"minecraft:chicken":3,"minecraft:leather":3,"minecraft:porkchop":7,"minecraft:spruce_sapling":8,"minecraft:spruce_log":21,"minecraft:rabbit_foot":1,"minecraft:rabbit_hide":1,"minecraft:beef":3,"minecraft:rabbit":2,"minecraft:mutton":6,"minecraft:coal":60,"minecraft:white_wool":4,"minecraft:cobblestone":26,"minecraft:furnace":1},"minecraft:custom":{"minecraft:time_since_rest":0,"minecraft:interact_with_furnace":8,"minecraft:sprint_one_cm":36355,"minecraft:damage_taken":40,"minecraft:walk_one_cm":91083,"minecraft:mob_kills":14,"minecraft:damage_dealt":1000,"minecraft:interact_with_crafting_table":3,"minecraft:fly_one_cm":71116,"minecraft:crouch_one_cm":80,"minecraft:play_time":28658,"minecraft:sneak_time":36,"minecraft:jump":430,"minecraft:leave_game":1,"minecraft:walk_on_water_one_cm":748,"minecraft:time_since_death":28658,"minecraft:sleep_in_bed":1,"minecraft:total_world_time":28658,"minecraft:fall_one_cm":5270},"minecraft:crafted":{"minecraft:cooked_porkchop":7,"minecraft:crafting_table":1,"minecraft:spruce_planks":52,"minecraft:stick":4,"minecraft:cooked_chicken":3,"minecraft:furnace":1,"minecraft:white_bed":1,"minecraft:cooked_rabbit":2,"minecraft:air":0}},"DataVersion":3700}