{"stats":{"minecraft:dropped":{"minecraft:dirt":8,"minecraft:wheat_seeds":1},"minecraft:mined":{"minecraft:short_grass":5,"minecraft:grass_block":37,"minecraft:dirt":3,"minecraft:tall_grass":4},"minecraft:custom":{"minecraft:time_since_rest":950,"minecraft:play_time":12203,"minecraft:crouch_one_cm":232,"minecraft:sprint_one_cm":27896,"minecraft:deaths":1,"minecraft:damage_taken":250,"minecraft:walk_one_cm":27786,"minecraft:sneak_time":104,"minecraft:drop":9,"minecraft:jump":163,"minecraft:damage_dealt":10,"minecraft:leave_game":1,"minecraft:time_since_death":906,"minecraft:total_world_time":12203,"minecraft:fall_one_cm":2212,"minecraft:fly_one_cm":37891},"minecraft:killed_by":{"minecraft:player":1},"minecraft:picked_up":{"minecraft:wheat_seeds":3,"minecraft:dirt":67,"minecraft:emerald_ore":1},"minecraft:used":{"minecraft:dirt":13}},"DataVersion":3700}