{"stats":{"minecraft:dropped":{"minecraft:dirt":8},"minecraft:mined":{"minecraft:short_grass":3,"minecraft:grass_block":24,"minecraft:dirt":2},"minecraft:custom":{"minecraft:jump":52,"minecraft:time_since_rest":5989,"minecraft:damage_dealt":10,"minecraft:crouch_one_cm":170,"minecraft:sprint_one_cm":9078,"minecraft:play_time":5989,"minecraft:damage_taken":40,"minecraft:time_since_death":5989,"minecraft:walk_one_cm":14454,"minecraft:sneak_time":54,"minecraft:total_world_time":5989,"minecraft:drop":8,"minecraft:fall_one_cm":900,"minecraft:fly_one_cm":9733},"minecraft:picked_up":{"minecraft:wheat_seeds":1,"minecraft:dirt":23},"minecraft:used":{"minecraft:dirt":4}},"DataVersion":3700}